{"type":"FeatureCollection","features":[{"type":"Feature","properties":{"name":"A Coruña","country":"ES","population":250438},"geometry":{"type":"Point","coordinates":[-8.396,43.3713]}},{"type":"Feature","properties":{"name":"Aalborg","country":"DK","population":142937},"geometry":{"type":"Point","coordinates":[9.9187,57.048]}},{"type":"Feature","properties":{"name":"Aalen","country":"DE","population":67085},"geometry":{"type":"Point","coordinates":[10.0933,48.8378]}},{"type":"Feature","properties":{"name":"Adapazarı","country":"TR","population":286787},"geometry":{"type":"Point","coordinates":[30.4033,40.7806]}},{"type":"Feature","properties":{"name":"Afyonkarahisar","country":"TR","population":251799},"geometry":{"type":"Point","coordinates":[30.5433,38.7567]}},{"type":"Feature","properties":{"name":"Agen","country":"FR","population":34367},"geometry":{"type":"Point","coordinates":[0.6206,44.202]}},{"type":"Feature","properties":{"name":"Agrínio","country":"GR","population":46899},"geometry":{"type":"Point","coordinates":[21.4078,38.6214]}},{"type":"Feature","properties":{"name":"Ajka","country":"HU","population":31407},"geometry":{"type":"Point","coordinates":[17.5589,47.102]}},{"type":"Feature","properties":{"name":"Akşehir","country":"TR","population":64446},"geometry":{"type":"Point","coordinates":[31.4164,38.3575]}},{"type":"Feature","properties":{"name":"Alanya","country":"TR","population":364180},"geometry":{"type":"Point","coordinates":[31.9998,36.5438]}},{"type":"Feature","properties":{"name":"Alba","country":"IT","population":24923},"geometry":{"type":"Point","coordinates":[8.0347,44.6999]}},{"type":"Feature","properties":{"name":"Alba Iulia","country":"RO","population":64227},"geometry":{"type":"Point","coordinates":[23.5833,46.0667]}},{"type":"Feature","properties":{"name":"Albacete","country":"ES","population":173050},"geometry":{"type":"Point","coordinates":[-1.8564,38.9942]}},{"type":"Feature","properties":{"name":"Albi","country":"FR","population":52409},"geometry":{"type":"Point","coordinates":[2.148,43.9298]}},{"type":"Feature","properties":{"name":"Alençon","country":"FR","population":30786},"geometry":{"type":"Point","coordinates":[0.0931,48.4348]}},{"type":"Feature","properties":{"name":"Alessandria","country":"IT","population":92104},"geometry":{"type":"Point","coordinates":[8.6101,44.9092]}},{"type":"Feature","properties":{"name":"Ålesund","country":"NO","population":52626},"geometry":{"type":"Point","coordinates":[6.1549,62.4723]}},{"type":"Feature","properties":{"name":"Alexandria","country":"RO","population":40390},"geometry":{"type":"Point","coordinates":[25.3333,43.9833]}},{"type":"Feature","properties":{"name":"Alexandroupoli","country":"GR","population":52979},"geometry":{"type":"Point","coordinates":[25.8764,40.8499]}},{"type":"Feature","properties":{"name":"Aliağa","country":"TR","population":44883},"geometry":{"type":"Point","coordinates":[26.972,38.7998]}},{"type":"Feature","properties":{"name":"Alicante","country":"ES","population":348901},"geometry":{"type":"Point","coordinates":[-0.4815,38.3452]}},{"type":"Feature","properties":{"name":"Almería","country":"ES","population":196851},"geometry":{"type":"Point","coordinates":[-2.4597,36.8381]}},{"type":"Feature","properties":{"name":"Alytus","country":"LT","population":49195},"geometry":{"type":"Point","coordinates":[24.0389,54.3957]}},{"type":"Feature","properties":{"name":"Amberg","country":"DE","population":44737},"geometry":{"type":"Point","coordinates":[11.8627,49.4429]}},{"type":"Feature","properties":{"name":"Amiens","country":"FR","population":143086},"geometry":{"type":"Point","coordinates":[2.3,49.9]}},{"type":"Feature","properties":{"name":"Amsterdam","country":"NL","population":741636},"geometry":{"type":"Point","coordinates":[4.8897,52.374]}},{"type":"Feature","properties":{"name":"Anamur","country":"TR","population":57128},"geometry":{"type":"Point","coordinates":[32.8369,36.0751]}},{"type":"Feature","properties":{"name":"Ancona","country":"IT","population":89994},"geometry":{"type":"Point","coordinates":[13.5103,43.6072]}},{"type":"Feature","properties":{"name":"Andenne","country":"BE","population":24055},"geometry":{"type":"Point","coordinates":[5.0951,50.4894]}},{"type":"Feature","properties":{"name":"Andorra la Vella","country":"AD","population":22000},"geometry":{"type":"Point","coordinates":[1.5211,42.5078]}},{"type":"Feature","properties":{"name":"Andria","country":"IT","population":99784},"geometry":{"type":"Point","coordinates":[16.298,41.2312]}},{"type":"Feature","properties":{"name":"Angers","country":"FR","population":168279},"geometry":{"type":"Point","coordinates":[-0.552,47.4716]}},{"type":"Feature","properties":{"name":"Angoulême","country":"FR","population":49468},"geometry":{"type":"Point","coordinates":[0.1535,45.65]}},{"type":"Feature","properties":{"name":"Ankara","country":"TR","population":3517182},"geometry":{"type":"Point","coordinates":[32.8543,39.9199]}},{"type":"Feature","properties":{"name":"Antalya","country":"TR","population":1335002},"geometry":{"type":"Point","coordinates":[30.6956,36.9081]}},{"type":"Feature","properties":{"name":"Arad","country":"RO","population":169065},"geometry":{"type":"Point","coordinates":[21.3167,46.1833]}},{"type":"Feature","properties":{"name":"Aranda de Duero","country":"ES","population":33187},"geometry":{"type":"Point","coordinates":[-3.6892,41.6704]}},{"type":"Feature","properties":{"name":"Arendal","country":"NO","population":30916},"geometry":{"type":"Point","coordinates":[8.7725,58.4615]}},{"type":"Feature","properties":{"name":"Arezzo","country":"IT","population":100734},"geometry":{"type":"Point","coordinates":[11.8807,43.4628]}},{"type":"Feature","properties":{"name":"Århus","country":"DK","population":285273},"geometry":{"type":"Point","coordinates":[10.2108,56.1567]}},{"type":"Feature","properties":{"name":"Arlon","country":"BE","population":26179},"geometry":{"type":"Point","coordinates":[5.8167,49.6833]}},{"type":"Feature","properties":{"name":"Atamaría","country":"ES","population":30000},"geometry":{"type":"Point","coordinates":[-0.8068,37.5999]}},{"type":"Feature","properties":{"name":"Athens","country":"GR","population":664046},"geometry":{"type":"Point","coordinates":[23.7278,37.9838]}},{"type":"Feature","properties":{"name":"Auch","country":"FR","population":24494},"geometry":{"type":"Point","coordinates":[0.5886,43.6456]}},{"type":"Feature","properties":{"name":"Augsburg","country":"DE","population":301105},"geometry":{"type":"Point","coordinates":[10.8985,48.3715]}},{"type":"Feature","properties":{"name":"Aurillac","country":"FR","population":34724},"geometry":{"type":"Point","coordinates":[2.4398,44.9254]}},{"type":"Feature","properties":{"name":"Auxerre","country":"FR","population":41516},"geometry":{"type":"Point","coordinates":[3.5703,47.7996]}},{"type":"Feature","properties":{"name":"Aveiro","country":"PT","population":80880},"geometry":{"type":"Point","coordinates":[-8.6464,40.6457]}},{"type":"Feature","properties":{"name":"Avezzano","country":"IT","population":37808},"geometry":{"type":"Point","coordinates":[13.4264,42.029]}},{"type":"Feature","properties":{"name":"Ávila","country":"ES","population":57657},"geometry":{"type":"Point","coordinates":[-4.6995,40.6572]}},{"type":"Feature","properties":{"name":"Aydın","country":"TR","population":163022},"geometry":{"type":"Point","coordinates":[27.8396,37.845]}},{"type":"Feature","properties":{"name":"Ayvalık","country":"TR","population":70002},"geometry":{"type":"Point","coordinates":[26.6934,39.3193]}},{"type":"Feature","properties":{"name":"Bacău","country":"RO","population":136087},"geometry":{"type":"Point","coordinates":[26.9138,46.5672]}},{"type":"Feature","properties":{"name":"Badajoz","country":"ES","population":150530},"geometry":{"type":"Point","coordinates":[-6.9706,38.8779]}},{"type":"Feature","properties":{"name":"Baia Mare","country":"RO","population":108759},"geometry":{"type":"Point","coordinates":[23.5681,47.6573]}},{"type":"Feature","properties":{"name":"Baja","country":"HU","population":37714},"geometry":{"type":"Point","coordinates":[18.9531,46.183]}},{"type":"Feature","properties":{"name":"Balıkesir","country":"TR","population":238151},"geometry":{"type":"Point","coordinates":[27.8861,39.6492]}},{"type":"Feature","properties":{"name":"Bălţi","country":"MD","population":125000},"geometry":{"type":"Point","coordinates":[27.9285,47.7629]}},{"type":"Feature","properties":{"name":"Bamberg","country":"DE","population":70047},"geometry":{"type":"Point","coordinates":[10.9007,49.8987]}},{"type":"Feature","properties":{"name":"Bandırma","country":"TR","population":107631},"geometry":{"type":"Point","coordinates":[27.9767,40.3522]}},{"type":"Feature","properties":{"name":"Banja Luka","country":"BA","population":221106},"geometry":{"type":"Point","coordinates":[17.2063,44.7788]}},{"type":"Feature","properties":{"name":"Banská Bystrica","country":"SK","population":74590},"geometry":{"type":"Point","coordinates":[19.1493,48.7395]}},{"type":"Feature","properties":{"name":"Baranovichi","country":"BY","population":170039},"geometry":{"type":"Point","coordinates":[26.0078,53.1326]}},{"type":"Feature","properties":{"name":"Barcelona","country":"ES","population":1686208},"geometry":{"type":"Point","coordinates":[2.159,41.3888]}},{"type":"Feature","properties":{"name":"Bardejov","country":"SK","population":30267},"geometry":{"type":"Point","coordinates":[21.2727,49.2918]}},{"type":"Feature","properties":{"name":"Bari","country":"IT","population":316491},"geometry":{"type":"Point","coordinates":[16.8698,41.1207]}},{"type":"Feature","properties":{"name":"Bârlad","country":"RO","population":67818},"geometry":{"type":"Point","coordinates":[27.6691,46.2317]}},{"type":"Feature","properties":{"name":"Bartın","country":"TR","population":81692},"geometry":{"type":"Point","coordinates":[32.3375,41.6358]}},{"type":"Feature","properties":{"name":"Bartoszyce","country":"PL","population":23482},"geometry":{"type":"Point","coordinates":[20.8082,54.2535]}},{"type":"Feature","properties":{"name":"Barysaw","country":"BY","population":133700},"geometry":{"type":"Point","coordinates":[28.505,54.2279]}},{"type":"Feature","properties":{"name":"Basel","country":"CH","population":177595},"geometry":{"type":"Point","coordinates":[7.5733,47.5584]}},{"type":"Feature","properties":{"name":"Bautzen","country":"DE","population":41972},"geometry":{"type":"Point","coordinates":[14.4349,51.1803]}},{"type":"Feature","properties":{"name":"Bayonne","country":"FR","population":44396},"geometry":{"type":"Point","coordinates":[-1.473,43.4932]}},{"type":"Feature","properties":{"name":"Bayreuth","country":"DE","population":72940},"geometry":{"type":"Point","coordinates":[11.5789,49.9478]}},{"type":"Feature","properties":{"name":"Baza","country":"ES","population":23359},"geometry":{"type":"Point","coordinates":[-2.7726,37.4907]}},{"type":"Feature","properties":{"name":"Beauvais","country":"FR","population":53393},"geometry":{"type":"Point","coordinates":[2.0833,49.4333]}},{"type":"Feature","properties":{"name":"Beja","country":"PT","population":34760},"geometry":{"type":"Point","coordinates":[-7.8628,38.0147]}},{"type":"Feature","properties":{"name":"Békéscsaba","country":"HU","population":59732},"geometry":{"type":"Point","coordinates":[21.1,46.6833]}},{"type":"Feature","properties":{"name":"Bełchatów","country":"PL","population":62896},"geometry":{"type":"Point","coordinates":[19.3567,51.3688]}},{"type":"Feature","properties":{"name":"Belfort","country":"FR","population":54562},"geometry":{"type":"Point","coordinates":[6.8539,47.6422]}},{"type":"Feature","properties":{"name":"Belgrade","country":"RS","population":1273651},"geometry":{"type":"Point","coordinates":[20.4651,44.804]}},{"type":"Feature","properties":{"name":"Benevento","country":"IT","population":58418},"geometry":{"type":"Point","coordinates":[14.7782,41.1307]}},{"type":"Feature","properties":{"name":"Berat","country":"AL","population":62232},"geometry":{"type":"Point","coordinates":[19.9522,40.7058]}},{"type":"Feature","properties":{"name":"Bergamo","country":"IT","population":121200},"geometry":{"type":"Point","coordinates":[9.6672,45.696]}},{"type":"Feature","properties":{"name":"Bergen","country":"NO","population":294029},"geometry":{"type":"Point","coordinates":[5.3242,60.393]}},{"type":"Feature","properties":{"name":"Bergen op Zoom","country":"NL","population":66256},"geometry":{"type":"Point","coordinates":[4.2917,51.495]}},{"type":"Feature","properties":{"name":"Berlin","country":"DE","population":3426354},"geometry":{"type":"Point","coordinates":[13.4105,52.5244]}},{"type":"Feature","properties":{"name":"Besançon","country":"FR","population":128426},"geometry":{"type":"Point","coordinates":[6.0182,47.2488]}},{"type":"Feature","properties":{"name":"Beykonak","country":"TR","population":30339},"geometry":{"type":"Point","coordinates":[30.303,36.3257]}},{"type":"Feature","properties":{"name":"Beypazarı","country":"TR","population":38769},"geometry":{"type":"Point","coordinates":[31.9211,40.1675]}},{"type":"Feature","properties":{"name":"Béziers","country":"FR","population":74081},"geometry":{"type":"Point","coordinates":[3.214,43.3412]}},{"type":"Feature","properties":{"name":"Białystok","country":"PL","population":295683},"geometry":{"type":"Point","coordinates":[23.1643,53.1333]}},{"type":"Feature","properties":{"name":"Biel/Bienne","country":"CH","population":55120},"geometry":{"type":"Point","coordinates":[7.2461,47.1371]}},{"type":"Feature","properties":{"name":"Bielefeld","country":"DE","population":331906},"geometry":{"type":"Point","coordinates":[8.5333,52.0333]}},{"type":"Feature","properties":{"name":"Bielsko-Biala","country":"PL","population":176515},"geometry":{"type":"Point","coordinates":[19.0469,49.8225]}},{"type":"Feature","properties":{"name":"Biga","country":"TR","population":61066},"geometry":{"type":"Point","coordinates":[27.2422,40.2281]}},{"type":"Feature","properties":{"name":"Bihać","country":"BA","population":75641},"geometry":{"type":"Point","coordinates":[15.8708,44.8169]}},{"type":"Feature","properties":{"name":"Bila Tserkva","country":"UA","population":207273},"geometry":{"type":"Point","coordinates":[30.1165,49.7994]}},{"type":"Feature","properties":{"name":"Bilbao","country":"ES","population":347342},"geometry":{"type":"Point","coordinates":[-2.9253,43.2627]}},{"type":"Feature","properties":{"name":"Bilecik","country":"TR","population":74457},"geometry":{"type":"Point","coordinates":[29.9793,40.1419]}},{"type":"Feature","properties":{"name":"Bingen am Rhein","country":"DE","population":26339},"geometry":{"type":"Point","coordinates":[7.8992,49.9667]}},{"type":"Feature","properties":{"name":"Bistriţa","country":"RO","population":78877},"geometry":{"type":"Point","coordinates":[24.5001,47.1332]}},{"type":"Feature","properties":{"name":"Bjelovar","country":"HR","population":24392},"geometry":{"type":"Point","coordinates":[16.8507,45.8979]}},{"type":"Feature","properties":{"name":"Blagoevgrad","country":"BG","population":67810},"geometry":{"type":"Point","coordinates":[23.098,42.0146]}},{"type":"Feature","properties":{"name":"Blois","country":"FR","population":53660},"geometry":{"type":"Point","coordinates":[1.3291,47.5943]}},{"type":"Feature","properties":{"name":"Bobruysk","country":"BY","population":205502},"geometry":{"type":"Point","coordinates":[29.2055,53.1468]}},{"type":"Feature","properties":{"name":"Bocholt","country":"DE","population":73943},"geometry":{"type":"Point","coordinates":[6.6153,51.8388]}},{"type":"Feature","properties":{"name":"Bodø","country":"NO","population":34073},"geometry":{"type":"Point","coordinates":[14.3751,67.2827]}},{"type":"Feature","properties":{"name":"Bolzano","country":"IT","population":107436},"geometry":{"type":"Point","coordinates":[11.3398,46.4907]}},{"type":"Feature","properties":{"name":"Borås","country":"SE","population":71700},"geometry":{"type":"Point","coordinates":[12.9401,57.721]}},{"type":"Feature","properties":{"name":"Bordeaux","country":"FR","population":265328},"geometry":{"type":"Point","coordinates":[-0.5805,44.8412]}},{"type":"Feature","properties":{"name":"Borlänge","country":"SE","population":41955},"geometry":{"type":"Point","coordinates":[15.4371,60.4858]}},{"type":"Feature","properties":{"name":"Borşa","country":"RO","population":26966},"geometry":{"type":"Point","coordinates":[24.6633,47.6553]}},{"type":"Feature","properties":{"name":"Botoşani","country":"RO","population":90010},"geometry":{"type":"Point","coordinates":[26.6667,47.75]}},{"type":"Feature","properties":{"name":"Boulogne-sur-Mer","country":"FR","population":47013},"geometry":{"type":"Point","coordinates":[1.6137,50.7249]}},{"type":"Feature","properties":{"name":"Bourg-en-Bresse","country":"FR","population":45340},"geometry":{"type":"Point","coordinates":[5.2258,46.2057]}},{"type":"Feature","properties":{"name":"Bourges","country":"FR","population":67987},"geometry":{"type":"Point","coordinates":[2.4,47.0833]}},{"type":"Feature","properties":{"name":"Braga","country":"PT","population":193324},"geometry":{"type":"Point","coordinates":[-8.4231,41.5514]}},{"type":"Feature","properties":{"name":"Bragança","country":"PT","population":35341},"geometry":{"type":"Point","coordinates":[-6.759,41.8072]}},{"type":"Feature","properties":{"name":"Bramsche","country":"DE","population":28220},"geometry":{"type":"Point","coordinates":[7.9833,52.4084]}},{"type":"Feature","properties":{"name":"Brandenburg an der Havel","country":"DE","population":59826},"geometry":{"type":"Point","coordinates":[12.55,52.4167]}},{"type":"Feature","properties":{"name":"Braşov","country":"RO","population":253200},"geometry":{"type":"Point","coordinates":[25.6061,45.6486]}},{"type":"Feature","properties":{"name":"Bratislava","country":"SK","population":423737},"geometry":{"type":"Point","coordinates":[17.1067,48.1482]}},{"type":"Feature","properties":{"name":"Braunschweig","country":"DE","population":244715},"geometry":{"type":"Point","coordinates":[10.5267,52.2659]}},{"type":"Feature","properties":{"name":"Břeclav","country":"CZ","population":25789},"geometry":{"type":"Point","coordinates":[16.882,48.759]}},{"type":"Feature","properties":{"name":"Bremen","country":"DE","population":546501},"geometry":{"type":"Point","coordinates":[8.8072,53.0758]}},{"type":"Feature","properties":{"name":"Bremerhaven","country":"DE","population":118610},"geometry":{"type":"Point","coordinates":[8.5755,53.5536]}},{"type":"Feature","properties":{"name":"Brescia","country":"IT","population":200423},"geometry":{"type":"Point","coordinates":[10.2147,45.5356]}},{"type":"Feature","properties":{"name":"Brest","country":"BY","population":347138},"geometry":{"type":"Point","coordinates":[23.7175,52.1089]}},{"type":"Feature","properties":{"name":"Brindisi","country":"IT","population":87141},"geometry":{"type":"Point","coordinates":[17.9361,40.6322]}},{"type":"Feature","properties":{"name":"Brive-la-Gaillarde","country":"FR","population":53466},"geometry":{"type":"Point","coordinates":[1.5333,45.1589]}},{"type":"Feature","properties":{"name":"Brno","country":"CZ","population":379466},"geometry":{"type":"Point","coordinates":[16.608,49.1952]}},{"type":"Feature","properties":{"name":"Brussels","country":"BE","population":1019022},"geometry":{"type":"Point","coordinates":[4.3488,50.8505]}},{"type":"Feature","properties":{"name":"Bucharest","country":"RO","population":1877155},"geometry":{"type":"Point","coordinates":[26.1063,44.4323]}},{"type":"Feature","properties":{"name":"Budapest","country":"HU","population":1741041},"geometry":{"type":"Point","coordinates":[19.0404,47.4984]}},{"type":"Feature","properties":{"name":"Burgas","country":"BG","population":210646},"geometry":{"type":"Point","coordinates":[27.4689,42.5065]}},{"type":"Feature","properties":{"name":"Burgos","country":"ES","population":176418},"geometry":{"type":"Point","coordinates":[-3.7018,42.3411]}},{"type":"Feature","properties":{"name":"Bursa","country":"TR","population":3101833},"geometry":{"type":"Point","coordinates":[29.0601,40.1956]}},{"type":"Feature","properties":{"name":"Buzău","country":"RO","population":103481},"geometry":{"type":"Point","coordinates":[26.8333,45.15]}},{"type":"Feature","properties":{"name":"Byaroza","country":"BY","population":27986},"geometry":{"type":"Point","coordinates":[24.9782,52.5313]}},{"type":"Feature","properties":{"name":"Bydgoszcz","country":"PL","population":330038},"geometry":{"type":"Point","coordinates":[18.0076,53.1235]}},{"type":"Feature","properties":{"name":"Čačak","country":"RS","population":117072},"geometry":{"type":"Point","coordinates":[20.3497,43.8914]}},{"type":"Feature","properties":{"name":"Cáceres","country":"ES","population":96068},"geometry":{"type":"Point","coordinates":[-6.3722,39.4765]}},{"type":"Feature","properties":{"name":"Caen","country":"FR","population":110624},"geometry":{"type":"Point","coordinates":[-0.3591,49.1859]}},{"type":"Feature","properties":{"name":"Cahors","country":"FR","population":23331},"geometry":{"type":"Point","coordinates":[1.4366,44.4491]}},{"type":"Feature","properties":{"name":"Cahul","country":"MD","population":34492},"geometry":{"type":"Point","coordinates":[28.1952,45.9046]}},{"type":"Feature","properties":{"name":"Campiña","country":"ES","population":67904},"geometry":{"type":"Point","coordinates":[-2.9807,38.219]}},{"type":"Feature","properties":{"name":"Campobasso","country":"IT","population":49230},"geometry":{"type":"Point","coordinates":[14.6674,41.5595]}},{"type":"Feature","properties":{"name":"Çanakkale","country":"TR","population":143622},"geometry":{"type":"Point","coordinates":[26.4127,40.1555]}},{"type":"Feature","properties":{"name":"Caravaca","country":"ES","population":26415},"geometry":{"type":"Point","coordinates":[-1.8634,38.1056]}},{"type":"Feature","properties":{"name":"Carcassonne","country":"FR","population":49600},"geometry":{"type":"Point","coordinates":[2.3486,43.2165]}},{"type":"Feature","properties":{"name":"Castelló de la Plana","country":"ES","population":171857},"geometry":{"type":"Point","coordinates":[-0.0493,39.9857]}},{"type":"Feature","properties":{"name":"Castelo Branco","country":"PT","population":33479},"geometry":{"type":"Point","coordinates":[-7.491,39.8236]}},{"type":"Feature","properties":{"name":"Catanzaro","country":"IT","population":78970},"geometry":{"type":"Point","coordinates":[16.6009,38.8825]}},{"type":"Feature","properties":{"name":"Celje","country":"SI","population":38059},"geometry":{"type":"Point","coordinates":[15.2604,46.2309]}},{"type":"Feature","properties":{"name":"Centar Župa","country":"MK","population":45412},"geometry":{"type":"Point","coordinates":[20.5594,41.4785]}},{"type":"Feature","properties":{"name":"České Budějovice","country":"CZ","population":93426},"geometry":{"type":"Point","coordinates":[14.4743,48.9745]}},{"type":"Feature","properties":{"name":"Çeşme","country":"TR","population":33259},"geometry":{"type":"Point","coordinates":[26.3057,38.3261]}},{"type":"Feature","properties":{"name":"Chalkída","country":"GR","population":59125},"geometry":{"type":"Point","coordinates":[23.6028,38.4635]}},{"type":"Feature","properties":{"name":"Chalon-sur-Saône","country":"FR","population":47251},"geometry":{"type":"Point","coordinates":[4.8537,46.7811]}},{"type":"Feature","properties":{"name":"Chambéry","country":"FR","population":61640},"geometry":{"type":"Point","coordinates":[5.9208,45.5663]}},{"type":"Feature","properties":{"name":"Chamonix-Mont-Blanc","country":"FR","population":8900},"geometry":{"type":"Point","coordinates":[6.8694,45.9237]}},{"type":"Feature","properties":{"name":"Charleroi","country":"BE","population":200132},"geometry":{"type":"Point","coordinates":[4.4445,50.4114]}},{"type":"Feature","properties":{"name":"Charleville-Mézières","country":"FR","population":52415},"geometry":{"type":"Point","coordinates":[4.7249,49.7685]}},{"type":"Feature","properties":{"name":"Chartres","country":"FR","population":43838},"geometry":{"type":"Point","coordinates":[1.4892,48.4468]}},{"type":"Feature","properties":{"name":"Châteauroux","country":"FR","population":53301},"geometry":{"type":"Point","coordinates":[1.6936,46.8125]}},{"type":"Feature","properties":{"name":"Chaumont","country":"FR","population":28981},"geometry":{"type":"Point","coordinates":[5.1413,48.1112]}},{"type":"Feature","properties":{"name":"Chełm","country":"PL","population":60231},"geometry":{"type":"Point","coordinates":[23.4716,51.1431]}},{"type":"Feature","properties":{"name":"Chemnitz","country":"DE","population":247220},"geometry":{"type":"Point","coordinates":[12.9292,50.8357]}},{"type":"Feature","properties":{"name":"Cherbourg","country":"FR","population":26655},"geometry":{"type":"Point","coordinates":[-1.6164,49.6398]}},{"type":"Feature","properties":{"name":"Cherkasy","country":"UA","population":269836},"geometry":{"type":"Point","coordinates":[32.0574,49.4445]}},{"type":"Feature","properties":{"name":"Chernihiv","country":"UA","population":282747},"geometry":{"type":"Point","coordinates":[31.2866,51.5054]}},{"type":"Feature","properties":{"name":"Chernivtsi","country":"UA","population":264298},"geometry":{"type":"Point","coordinates":[25.9324,48.2904]}},{"type":"Feature","properties":{"name":"Chisinau","country":"MD","population":635994},"geometry":{"type":"Point","coordinates":[28.8594,47.009]}},{"type":"Feature","properties":{"name":"Chojnice","country":"PL","population":38789},"geometry":{"type":"Point","coordinates":[17.557,53.6955]}},{"type":"Feature","properties":{"name":"Cholet","country":"FR","population":53160},"geometry":{"type":"Point","coordinates":[-0.8797,47.0589]}},{"type":"Feature","properties":{"name":"Chomutov","country":"CZ","population":46771},"geometry":{"type":"Point","coordinates":[13.4178,50.4605]}},{"type":"Feature","properties":{"name":"Chortkiv","country":"UA","population":28393},"geometry":{"type":"Point","coordinates":[25.7981,49.017]}},{"type":"Feature","properties":{"name":"Ciechanów","country":"PL","population":46438},"geometry":{"type":"Point","coordinates":[20.62,52.8814]}},{"type":"Feature","properties":{"name":"Ciudad Real","country":"ES","population":74743},"geometry":{"type":"Point","coordinates":[-3.9291,38.9863]}},{"type":"Feature","properties":{"name":"Civitavecchia","country":"IT","population":47543},"geometry":{"type":"Point","coordinates":[11.7967,42.0932]}},{"type":"Feature","properties":{"name":"Clermont-Ferrand","country":"FR","population":147865},"geometry":{"type":"Point","coordinates":[3.0868,45.7797]}},{"type":"Feature","properties":{"name":"Cloppenburg","country":"DE","population":31177},"geometry":{"type":"Point","coordinates":[8.0474,52.8475]}},{"type":"Feature","properties":{"name":"Cluj-Napoca","country":"RO","population":286598},"geometry":{"type":"Point","coordinates":[23.6,46.7667]}},{"type":"Feature","properties":{"name":"Coimbra","country":"PT","population":140796},"geometry":{"type":"Point","coordinates":[-8.42,40.2069]}},{"type":"Feature","properties":{"name":"Compiègne","country":"FR","population":44243},"geometry":{"type":"Point","coordinates":[2.8261,49.4179]}},{"type":"Feature","properties":{"name":"Constanţa","country":"RO","population":317832},"geometry":{"type":"Point","coordinates":[28.6343,44.1807]}},{"type":"Feature","properties":{"name":"Copenhagen","country":"DK","population":1153615},"geometry":{"type":"Point","coordinates":[12.5655,55.6759]}},{"type":"Feature","properties":{"name":"Córdoba","country":"ES","population":325708},"geometry":{"type":"Point","coordinates":[-4.7728,37.8916]}},{"type":"Feature","properties":{"name":"Çorlu","country":"TR","population":202578},"geometry":{"type":"Point","coordinates":[27.8009,41.1607]}},{"type":"Feature","properties":{"name":"Cortina d'Ampezzo","country":"IT","population":5800},"geometry":{"type":"Point","coordinates":[12.1357,46.5405]}},{"type":"Feature","properties":{"name":"Cosenza","country":"IT","population":63852},"geometry":{"type":"Point","coordinates":[16.2531,39.2989]}},{"type":"Feature","properties":{"name":"Cottbus","country":"DE","population":84754},"geometry":{"type":"Point","coordinates":[14.3289,51.7577]}},{"type":"Feature","properties":{"name":"Craiova","country":"RO","population":234140},"geometry":{"type":"Point","coordinates":[23.8,44.3167]}},{"type":"Feature","properties":{"name":"Crotone","country":"IT","population":64603},"geometry":{"type":"Point","coordinates":[17.1276,39.0808]}},{"type":"Feature","properties":{"name":"Cuenca","country":"ES","population":54898},"geometry":{"type":"Point","coordinates":[-2.1333,40.0667]}},{"type":"Feature","properties":{"name":"Cuneo","country":"IT","population":55980},"geometry":{"type":"Point","coordinates":[7.5483,44.3907]}},{"type":"Feature","properties":{"name":"Częstochowa","country":"PL","population":248125},"geometry":{"type":"Point","coordinates":[19.1241,50.7965]}},{"type":"Feature","properties":{"name":"Daugavpils","country":"LV","population":78126},"geometry":{"type":"Point","coordinates":[26.5333,55.8833]}},{"type":"Feature","properties":{"name":"Davos","country":"CH","population":11000},"geometry":{"type":"Point","coordinates":[9.8372,46.8043]}},{"type":"Feature","properties":{"name":"Debrecen","country":"HU","population":202402},"geometry":{"type":"Point","coordinates":[21.6244,47.5317]}},{"type":"Feature","properties":{"name":"Deçan","country":"XK","population":50500},"geometry":{"type":"Point","coordinates":[20.2879,42.5402]}},{"type":"Feature","properties":{"name":"Deggendorf","country":"DE","population":31081},"geometry":{"type":"Point","coordinates":[12.9607,48.8409]}},{"type":"Feature","properties":{"name":"Dej","country":"RO","population":38033},"geometry":{"type":"Point","coordinates":[23.8667,47.15]}},{"type":"Feature","properties":{"name":"Den Helder","country":"NL","population":59569},"geometry":{"type":"Point","coordinates":[4.7593,52.9599]}},{"type":"Feature","properties":{"name":"Denizli","country":"TR","population":313238},"geometry":{"type":"Point","coordinates":[29.0875,37.7742]}},{"type":"Feature","properties":{"name":"Dessau","country":"DE","population":67747},"geometry":{"type":"Point","coordinates":[12.2455,51.8386]}},{"type":"Feature","properties":{"name":"Didim","country":"TR","population":26000},"geometry":{"type":"Point","coordinates":[27.2564,37.385]}},{"type":"Feature","properties":{"name":"Dieppe","country":"FR","population":35707},"geometry":{"type":"Point","coordinates":[1.0777,49.9216]}},{"type":"Feature","properties":{"name":"Dijon","country":"FR","population":159941},"geometry":{"type":"Point","coordinates":[5.0139,47.3134]}},{"type":"Feature","properties":{"name":"Dinar","country":"TR","population":35359},"geometry":{"type":"Point","coordinates":[30.1656,38.065]}},{"type":"Feature","properties":{"name":"Doboj","country":"BA","population":27235},"geometry":{"type":"Point","coordinates":[18.087,44.7318]}},{"type":"Feature","properties":{"name":"Dolynska","country":"UA","population":25362},"geometry":{"type":"Point","coordinates":[32.7769,48.1172]}},{"type":"Feature","properties":{"name":"Donostia / San Sebastián","country":"ES","population":185357},"geometry":{"type":"Point","coordinates":[-1.975,43.3128]}},{"type":"Feature","properties":{"name":"Dresden","country":"DE","population":564904},"geometry":{"type":"Point","coordinates":[13.7383,51.0509]}},{"type":"Feature","properties":{"name":"Drobeta-Turnu Severin","country":"RO","population":79865},"geometry":{"type":"Point","coordinates":[22.6529,44.6269]}},{"type":"Feature","properties":{"name":"Drohobych","country":"UA","population":73682},"geometry":{"type":"Point","coordinates":[23.5112,49.352]}},{"type":"Feature","properties":{"name":"Dunaújváros","country":"HU","population":50084},"geometry":{"type":"Point","coordinates":[18.9397,46.9648]}},{"type":"Feature","properties":{"name":"Dunkirk","country":"FR","population":86263},"geometry":{"type":"Point","coordinates":[2.3768,51.0344]}},{"type":"Feature","properties":{"name":"Düzce","country":"TR","population":194097},"geometry":{"type":"Point","coordinates":[31.1639,40.8389]}},{"type":"Feature","properties":{"name":"Écija","country":"ES","population":39882},"geometry":{"type":"Point","coordinates":[-5.0826,37.5422]}},{"type":"Feature","properties":{"name":"Edirne","country":"TR","population":180002},"geometry":{"type":"Point","coordinates":[26.556,41.6772]}},{"type":"Feature","properties":{"name":"Eindhoven","country":"NL","population":235691},"geometry":{"type":"Point","coordinates":[5.4778,51.4408]}},{"type":"Feature","properties":{"name":"Eisenach","country":"DE","population":40747},"geometry":{"type":"Point","coordinates":[10.3152,50.9807]}},{"type":"Feature","properties":{"name":"Elbląg","country":"PL","population":127558},"geometry":{"type":"Point","coordinates":[19.4088,54.1522]}},{"type":"Feature","properties":{"name":"Ełk","country":"PL","population":55769},"geometry":{"type":"Point","coordinates":[22.3647,53.8282]}},{"type":"Feature","properties":{"name":"Emden","country":"DE","population":51526},"geometry":{"type":"Point","coordinates":[7.2085,53.3659]}},{"type":"Feature","properties":{"name":"Emmen","country":"NL","population":57010},"geometry":{"type":"Point","coordinates":[6.9069,52.7792]}},{"type":"Feature","properties":{"name":"Enschede","country":"NL","population":153655},"geometry":{"type":"Point","coordinates":[6.8958,52.2183]}},{"type":"Feature","properties":{"name":"Épinal","country":"FR","population":39518},"geometry":{"type":"Point","coordinates":[6.453,48.1832]}},{"type":"Feature","properties":{"name":"Erfurt","country":"DE","population":218793},"geometry":{"type":"Point","coordinates":[11.0354,50.9773]}},{"type":"Feature","properties":{"name":"Esbjerg","country":"DK","population":71698},"geometry":{"type":"Point","coordinates":[8.4519,55.4703]}},{"type":"Feature","properties":{"name":"Eskişehir","country":"TR","population":921630},"geometry":{"type":"Point","coordinates":[30.5206,39.7767]}},{"type":"Feature","properties":{"name":"Essen","country":"DE","population":593085},"geometry":{"type":"Point","coordinates":[7.0123,51.4566]}},{"type":"Feature","properties":{"name":"Évora","country":"PT","population":53591},"geometry":{"type":"Point","coordinates":[-7.904,38.5659]}},{"type":"Feature","properties":{"name":"Évreux","country":"FR","population":57795},"geometry":{"type":"Point","coordinates":[1.1508,49.0241]}},{"type":"Feature","properties":{"name":"Făgăraș","country":"RO","population":30714},"geometry":{"type":"Point","coordinates":[24.9667,45.85]}},{"type":"Feature","properties":{"name":"Fano","country":"IT","population":60978},"geometry":{"type":"Point","coordinates":[13.0167,43.8405]}},{"type":"Feature","properties":{"name":"Faro","country":"PT","population":70347},"geometry":{"type":"Point","coordinates":[-7.9272,37.0187]}},{"type":"Feature","properties":{"name":"Ferrara","country":"IT","population":132009},"geometry":{"type":"Point","coordinates":[11.6206,44.838]}},{"type":"Feature","properties":{"name":"Fethiye","country":"TR","population":60437},"geometry":{"type":"Point","coordinates":[29.1276,36.6404]}},{"type":"Feature","properties":{"name":"Flensburg","country":"DE","population":85838},"geometry":{"type":"Point","coordinates":[9.4372,54.788]}},{"type":"Feature","properties":{"name":"Florence","country":"IT","population":367150},"geometry":{"type":"Point","coordinates":[11.2463,43.7792]}},{"type":"Feature","properties":{"name":"Focșani","country":"RO","population":66648},"geometry":{"type":"Point","coordinates":[27.1833,45.7]}},{"type":"Feature","properties":{"name":"Foggia","country":"IT","population":137032},"geometry":{"type":"Point","coordinates":[15.5519,41.4584]}},{"type":"Feature","properties":{"name":"Fondi","country":"IT","population":39762},"geometry":{"type":"Point","coordinates":[13.4272,41.3579]}},{"type":"Feature","properties":{"name":"Forlì","country":"IT","population":116696},"geometry":{"type":"Point","coordinates":[12.0414,44.2218]}},{"type":"Feature","properties":{"name":"Frankfurt (Oder)","country":"DE","population":57107},"geometry":{"type":"Point","coordinates":[14.5506,52.3471]}},{"type":"Feature","properties":{"name":"Frankfurt am Main","country":"DE","population":650000},"geometry":{"type":"Point","coordinates":[8.6842,50.1155]}},{"type":"Feature","properties":{"name":"Fredrikstad","country":"NO","population":83761},"geometry":{"type":"Point","coordinates":[10.9298,59.2181]}},{"type":"Feature","properties":{"name":"Freiburg","country":"DE","population":237460},"geometry":{"type":"Point","coordinates":[7.8522,47.9959]}},{"type":"Feature","properties":{"name":"Fréjus","country":"FR","population":53098},"geometry":{"type":"Point","coordinates":[6.7355,43.4333]}},{"type":"Feature","properties":{"name":"Freudenstadt","country":"DE","population":23868},"geometry":{"type":"Point","coordinates":[8.4137,48.4669]}},{"type":"Feature","properties":{"name":"Fulda","country":"DE","population":63760},"geometry":{"type":"Point","coordinates":[9.6752,50.5516]}},{"type":"Feature","properties":{"name":"Galaţi","country":"RO","population":217851},"geometry":{"type":"Point","coordinates":[28.0503,45.4369]}},{"type":"Feature","properties":{"name":"Gandia","country":"ES","population":73829},"geometry":{"type":"Point","coordinates":[-0.1833,38.9667]}},{"type":"Feature","properties":{"name":"Gap","country":"FR","population":42715},"geometry":{"type":"Point","coordinates":[6.0787,44.5586]}},{"type":"Feature","properties":{"name":"Gasteiz / Vitoria","country":"ES","population":257407},"geometry":{"type":"Point","coordinates":[-2.6727,42.85]}},{"type":"Feature","properties":{"name":"Gävle","country":"SE","population":74884},"geometry":{"type":"Point","coordinates":[17.1417,60.6745]}},{"type":"Feature","properties":{"name":"Gdańsk","country":"PL","population":487371},"geometry":{"type":"Point","coordinates":[18.6491,54.3523]}},{"type":"Feature","properties":{"name":"Gebze","country":"TR","population":281436},"geometry":{"type":"Point","coordinates":[29.4307,40.8028]}},{"type":"Feature","properties":{"name":"Geneva","country":"CH","population":201741},"geometry":{"type":"Point","coordinates":[6.1457,46.2022]}},{"type":"Feature","properties":{"name":"Genoa","country":"IT","population":580097},"geometry":{"type":"Point","coordinates":[8.9444,44.4048]}},{"type":"Feature","properties":{"name":"Gent","country":"BE","population":265086},"geometry":{"type":"Point","coordinates":[3.7167,51.05]}},{"type":"Feature","properties":{"name":"Gera","country":"DE","population":104659},"geometry":{"type":"Point","coordinates":[12.0819,50.8803]}},{"type":"Feature","properties":{"name":"Gerede","country":"TR","population":28582},"geometry":{"type":"Point","coordinates":[32.1969,40.8008]}},{"type":"Feature","properties":{"name":"Giannitsá","country":"GR","population":27817},"geometry":{"type":"Point","coordinates":[22.4075,40.7919]}},{"type":"Feature","properties":{"name":"Gibraltar","country":"GI","population":34000},"geometry":{"type":"Point","coordinates":[-5.3536,36.1408]}},{"type":"Feature","properties":{"name":"Gießen","country":"DE","population":89179},"geometry":{"type":"Point","coordinates":[8.6755,50.5873]}},{"type":"Feature","properties":{"name":"Gijón","country":"ES","population":271780},"geometry":{"type":"Point","coordinates":[-5.6615,43.5357]}},{"type":"Feature","properties":{"name":"Girona","country":"ES","population":100266},"geometry":{"type":"Point","coordinates":[2.8249,41.9831]}},{"type":"Feature","properties":{"name":"Giżycko","country":"PL","population":29972},"geometry":{"type":"Point","coordinates":[21.7644,54.0381]}},{"type":"Feature","properties":{"name":"Gjirokastër","country":"AL","population":23437},"geometry":{"type":"Point","coordinates":[20.1389,40.0758]}},{"type":"Feature","properties":{"name":"Głogów","country":"PL","population":65400},"geometry":{"type":"Point","coordinates":[16.0845,51.6636]}},{"type":"Feature","properties":{"name":"Gniezno","country":"PL","population":70269},"geometry":{"type":"Point","coordinates":[17.5826,52.5348]}},{"type":"Feature","properties":{"name":"Gorzów Wielkopolski","country":"PL","population":114567},"geometry":{"type":"Point","coordinates":[15.225,52.7337]}},{"type":"Feature","properties":{"name":"Gostivar","country":"MK","population":50974},"geometry":{"type":"Point","coordinates":[20.908,41.7963]}},{"type":"Feature","properties":{"name":"Gothenburg","country":"SE","population":608462},"geometry":{"type":"Point","coordinates":[11.9668,57.7072]}},{"type":"Feature","properties":{"name":"Granada","country":"ES","population":233532},"geometry":{"type":"Point","coordinates":[-3.6067,37.1882]}},{"type":"Feature","properties":{"name":"Graz","country":"AT","population":303270},"geometry":{"type":"Point","coordinates":[15.442,47.0673]}},{"type":"Feature","properties":{"name":"Grenoble","country":"FR","population":158552},"geometry":{"type":"Point","coordinates":[5.7148,45.1787]}},{"type":"Feature","properties":{"name":"Groningen","country":"NL","population":244807},"geometry":{"type":"Point","coordinates":[6.5667,53.2192]}},{"type":"Feature","properties":{"name":"Grosseto","country":"IT","population":60922},"geometry":{"type":"Point","coordinates":[11.1094,42.763]}},{"type":"Feature","properties":{"name":"Grudziądz","country":"PL","population":92552},"geometry":{"type":"Point","coordinates":[18.7537,53.4841]}},{"type":"Feature","properties":{"name":"Guadalajara","country":"ES","population":93470},"geometry":{"type":"Point","coordinates":[-3.1618,40.6286]}},{"type":"Feature","properties":{"name":"Guarda","country":"PT","population":40126},"geometry":{"type":"Point","coordinates":[-7.2663,40.5375]}},{"type":"Feature","properties":{"name":"Győr","country":"HU","population":129301},"geometry":{"type":"Point","coordinates":[17.6351,47.6833]}},{"type":"Feature","properties":{"name":"Halberstadt","country":"DE","population":39729},"geometry":{"type":"Point","coordinates":[11.0562,51.8956]}},{"type":"Feature","properties":{"name":"Halmstad","country":"SE","population":70480},"geometry":{"type":"Point","coordinates":[12.8568,56.6745]}},{"type":"Feature","properties":{"name":"Hamar","country":"NO","population":29479},"geometry":{"type":"Point","coordinates":[11.068,60.7945]}},{"type":"Feature","properties":{"name":"Hamburg","country":"DE","population":1973896},"geometry":{"type":"Point","coordinates":[9.993,53.5507]}},{"type":"Feature","properties":{"name":"Hämeenlinna","country":"FI","population":68473},"geometry":{"type":"Point","coordinates":[24.4643,60.996]}},{"type":"Feature","properties":{"name":"Hannover","country":"DE","population":515140},"geometry":{"type":"Point","coordinates":[9.7332,52.3705]}},{"type":"Feature","properties":{"name":"Haskovo","country":"BG","population":64564},"geometry":{"type":"Point","coordinates":[25.5556,41.9342]}},{"type":"Feature","properties":{"name":"Hasselt","country":"BE","population":77651},"geometry":{"type":"Point","coordinates":[5.3378,50.9311]}},{"type":"Feature","properties":{"name":"Haugesund","country":"NO","population":40321},"geometry":{"type":"Point","coordinates":[5.268,59.4138]}},{"type":"Feature","properties":{"name":"Haysyn","country":"UA","population":25735},"geometry":{"type":"Point","coordinates":[29.3792,48.8129]}},{"type":"Feature","properties":{"name":"Hellín","country":"ES","population":30976},"geometry":{"type":"Point","coordinates":[-1.701,38.5106]}},{"type":"Feature","properties":{"name":"Helsinki","country":"FI","population":658864},"geometry":{"type":"Point","coordinates":[24.9354,60.1695]}},{"type":"Feature","properties":{"name":"Herning","country":"DK","population":50565},"geometry":{"type":"Point","coordinates":[8.9766,56.1362]}},{"type":"Feature","properties":{"name":"Hjørring","country":"DK","population":25644},"geometry":{"type":"Point","coordinates":[9.9823,57.4642]}},{"type":"Feature","properties":{"name":"Hof","country":"DE","population":49239},"geometry":{"type":"Point","coordinates":[11.9126,50.313]}},{"type":"Feature","properties":{"name":"Holbæk","country":"DK","population":29608},"geometry":{"type":"Point","coordinates":[11.7128,55.7175]}},{"type":"Feature","properties":{"name":"Homyel'","country":"BY","population":501193},"geometry":{"type":"Point","coordinates":[30.9754,52.4345]}},{"type":"Feature","properties":{"name":"Horki","country":"BY","population":28626},"geometry":{"type":"Point","coordinates":[30.986,54.2861]}},{"type":"Feature","properties":{"name":"Höxter","country":"DE","population":32713},"geometry":{"type":"Point","coordinates":[9.3816,51.775]}},{"type":"Feature","properties":{"name":"Hradec Králové","country":"CZ","population":90596},"geometry":{"type":"Point","coordinates":[15.8328,50.2092]}},{"type":"Feature","properties":{"name":"Hrodna","country":"BY","population":363718},"geometry":{"type":"Point","coordinates":[23.8289,53.6758]}},{"type":"Feature","properties":{"name":"Huelva","country":"ES","population":144258},"geometry":{"type":"Point","coordinates":[-6.94,37.2664]}},{"type":"Feature","properties":{"name":"Huesca","country":"ES","population":53956},"geometry":{"type":"Point","coordinates":[-0.4087,42.1362]}},{"type":"Feature","properties":{"name":"Hunedoara","country":"RO","population":69136},"geometry":{"type":"Point","coordinates":[22.9,45.75]}},{"type":"Feature","properties":{"name":"Huşi","country":"RO","population":29129},"geometry":{"type":"Point","coordinates":[28.0594,46.6736]}},{"type":"Feature","properties":{"name":"Hyvinge","country":"FI","population":43515},"geometry":{"type":"Point","coordinates":[24.8667,60.6333]}},{"type":"Feature","properties":{"name":"Iaşi","country":"RO","population":378954},"geometry":{"type":"Point","coordinates":[27.6,47.1667]}},{"type":"Feature","properties":{"name":"Idar-Oberstein","country":"DE","population":29158},"geometry":{"type":"Point","coordinates":[7.3078,49.7144]}},{"type":"Feature","properties":{"name":"Iława","country":"PL","population":32557},"geometry":{"type":"Point","coordinates":[19.5685,53.596]}},{"type":"Feature","properties":{"name":"Imperia","country":"IT","population":42328},"geometry":{"type":"Point","coordinates":[8.0393,43.8892]}},{"type":"Feature","properties":{"name":"Ingolstadt","country":"DE","population":120658},"geometry":{"type":"Point","coordinates":[11.4237,48.7651]}},{"type":"Feature","properties":{"name":"Innsbruck","country":"AT","population":132493},"geometry":{"type":"Point","coordinates":[11.3945,47.2627]}},{"type":"Feature","properties":{"name":"Interlaken","country":"CH","population":5700},"geometry":{"type":"Point","coordinates":[7.8632,46.6863]}},{"type":"Feature","properties":{"name":"Ioánnina","country":"GR","population":65574},"geometry":{"type":"Point","coordinates":[20.8519,39.6634]}},{"type":"Feature","properties":{"name":"Iserlohn","country":"DE","population":91811},"geometry":{"type":"Point","coordinates":[7.7028,51.3755]}},{"type":"Feature","properties":{"name":"Isparta","country":"TR","population":172334},"geometry":{"type":"Point","coordinates":[30.5522,37.7644]}},{"type":"Feature","properties":{"name":"Istanbul","country":"TR","population":15701602},"geometry":{"type":"Point","coordinates":[28.9497,41.0138]}},{"type":"Feature","properties":{"name":"Itzehoe","country":"DE","population":33047},"geometry":{"type":"Point","coordinates":[9.5153,53.921]}},{"type":"Feature","properties":{"name":"Ivano-Frankivsk","country":"UA","population":238196},"geometry":{"type":"Point","coordinates":[24.7125,48.9231]}},{"type":"Feature","properties":{"name":"Ivrea","country":"IT","population":23599},"geometry":{"type":"Point","coordinates":[7.8762,45.4672]}},{"type":"Feature","properties":{"name":"Izmayil","country":"UA","population":69932},"geometry":{"type":"Point","coordinates":[28.8375,45.3506]}},{"type":"Feature","properties":{"name":"İzmir","country":"TR","population":2938292},"geometry":{"type":"Point","coordinates":[27.1384,38.4127]}},{"type":"Feature","properties":{"name":"Jaén","country":"ES","population":113457},"geometry":{"type":"Point","coordinates":[-3.7903,37.7692]}},{"type":"Feature","properties":{"name":"Jasło","country":"PL","population":37851},"geometry":{"type":"Point","coordinates":[21.4725,49.7451]}},{"type":"Feature","properties":{"name":"Jerez de la Frontera","country":"ES","population":212879},"geometry":{"type":"Point","coordinates":[-6.1361,36.6865]}},{"type":"Feature","properties":{"name":"Jihlava","country":"CZ","population":50108},"geometry":{"type":"Point","coordinates":[15.5912,49.3961]}},{"type":"Feature","properties":{"name":"Joensuu","country":"FI","population":78398},"geometry":{"type":"Point","coordinates":[29.7632,62.6012]}},{"type":"Feature","properties":{"name":"Jönköping","country":"SE","population":112766},"geometry":{"type":"Point","coordinates":[14.1562,57.7814]}},{"type":"Feature","properties":{"name":"Jyväskylä","country":"FI","population":148744},"geometry":{"type":"Point","coordinates":[25.7209,62.2415]}},{"type":"Feature","properties":{"name":"Kaiserslautern","country":"DE","population":98732},"geometry":{"type":"Point","coordinates":[7.7716,49.443]}},{"type":"Feature","properties":{"name":"Kajaani","country":"FI","population":36458},"geometry":{"type":"Point","coordinates":[27.7285,64.2273]}},{"type":"Feature","properties":{"name":"Kalamata","country":"GR","population":54100},"geometry":{"type":"Point","coordinates":[22.1126,37.0391]}},{"type":"Feature","properties":{"name":"Kalisz","country":"PL","population":108759},"geometry":{"type":"Point","coordinates":[18.091,51.7611]}},{"type":"Feature","properties":{"name":"Kalmar","country":"SE","population":38408},"geometry":{"type":"Point","coordinates":[16.3616,56.6616]}},{"type":"Feature","properties":{"name":"Kamyanets-Podilskyi","country":"UA","population":97908},"geometry":{"type":"Point","coordinates":[26.5852,48.6788]}},{"type":"Feature","properties":{"name":"Kaposvár","country":"HU","population":64280},"geometry":{"type":"Point","coordinates":[17.8,46.3667]}},{"type":"Feature","properties":{"name":"Karabük","country":"TR","population":125403},"geometry":{"type":"Point","coordinates":[32.6277,41.2049]}},{"type":"Feature","properties":{"name":"Karlovac","country":"HR","population":41869},"geometry":{"type":"Point","coordinates":[15.55,45.4917]}},{"type":"Feature","properties":{"name":"Karlovo","country":"BG","population":30340},"geometry":{"type":"Point","coordinates":[24.8,42.6333]}},{"type":"Feature","properties":{"name":"Karlovy Vary","country":"CZ","population":45500},"geometry":{"type":"Point","coordinates":[12.8712,50.2327]}},{"type":"Feature","properties":{"name":"Karlskrona","country":"SE","population":66675},"geometry":{"type":"Point","coordinates":[15.5866,56.1616]}},{"type":"Feature","properties":{"name":"Karlsruhe","country":"DE","population":283799},"geometry":{"type":"Point","coordinates":[8.4044,49.0094]}},{"type":"Feature","properties":{"name":"Karlstad","country":"SE","population":61492},"geometry":{"type":"Point","coordinates":[13.5036,59.3793]}},{"type":"Feature","properties":{"name":"Kassel","country":"DE","population":197230},"geometry":{"type":"Point","coordinates":[9.5,51.3167]}},{"type":"Feature","properties":{"name":"Kateríni","country":"GR","population":53293},"geometry":{"type":"Point","coordinates":[22.5061,40.2696]}},{"type":"Feature","properties":{"name":"Katowice","country":"PL","population":286960},"geometry":{"type":"Point","coordinates":[19.0217,50.2597]}},{"type":"Feature","properties":{"name":"Kaunas","country":"LT","population":289380},"geometry":{"type":"Point","coordinates":[23.9091,54.9016]}},{"type":"Feature","properties":{"name":"Kavaklı","country":"TR","population":50502},"geometry":{"type":"Point","coordinates":[28.3317,41.0926]}},{"type":"Feature","properties":{"name":"Kavála","country":"GR","population":54027},"geometry":{"type":"Point","coordinates":[24.4069,40.9396]}},{"type":"Feature","properties":{"name":"Kecskemét","country":"HU","population":109847},"geometry":{"type":"Point","coordinates":[19.6913,46.9062]}},{"type":"Feature","properties":{"name":"Kempten (Allgäu)","country":"DE","population":61399},"geometry":{"type":"Point","coordinates":[10.3139,47.7267]}},{"type":"Feature","properties":{"name":"Keşan","country":"TR","population":44644},"geometry":{"type":"Point","coordinates":[26.6327,40.8552]}},{"type":"Feature","properties":{"name":"Kherson","country":"UA","population":66000},"geometry":{"type":"Point","coordinates":[32.6146,46.6369]}},{"type":"Feature","properties":{"name":"Khmelnytskyi","country":"UA","population":274452},"geometry":{"type":"Point","coordinates":[26.9794,49.4183]}},{"type":"Feature","properties":{"name":"Khmilnyk","country":"UA","population":27707},"geometry":{"type":"Point","coordinates":[27.9568,49.5581]}},{"type":"Feature","properties":{"name":"Khust","country":"UA","population":28424},"geometry":{"type":"Point","coordinates":[23.2979,48.1719]}},{"type":"Feature","properties":{"name":"Kiel","country":"DE","population":252668},"geometry":{"type":"Point","coordinates":[10.1349,54.3213]}},{"type":"Feature","properties":{"name":"Kielce","country":"PL","population":192468},"geometry":{"type":"Point","coordinates":[20.6275,50.8703]}},{"type":"Feature","properties":{"name":"Kikinda","country":"RS","population":41935},"geometry":{"type":"Point","coordinates":[20.4653,45.8297]}},{"type":"Feature","properties":{"name":"Kiskunhalas","country":"HU","population":29354},"geometry":{"type":"Point","coordinates":[19.4848,46.434]}},{"type":"Feature","properties":{"name":"Kitzbühel","country":"AT","population":8200},"geometry":{"type":"Point","coordinates":[12.3922,47.4464]}},{"type":"Feature","properties":{"name":"Klagenfurt am Wörthersee","country":"AT","population":100316},"geometry":{"type":"Point","coordinates":[14.3053,46.6247]}},{"type":"Feature","properties":{"name":"Klaipėda","country":"LT","population":172292},"geometry":{"type":"Point","coordinates":[21.1391,55.7068]}},{"type":"Feature","properties":{"name":"Klinteby Frihed","country":"DK","population":53443},"geometry":{"type":"Point","coordinates":[11.596,55.197]}},{"type":"Feature","properties":{"name":"Kłodzko","country":"PL","population":25717},"geometry":{"type":"Point","coordinates":[16.6614,50.4349]}},{"type":"Feature","properties":{"name":"Kobryn","country":"BY","population":52235},"geometry":{"type":"Point","coordinates":[24.3563,52.2117]}},{"type":"Feature","properties":{"name":"Kohtla-Järve","country":"EE","population":35395},"geometry":{"type":"Point","coordinates":[27.2731,59.3986]}},{"type":"Feature","properties":{"name":"Kokkola","country":"FI","population":48361},"geometry":{"type":"Point","coordinates":[23.1307,63.8385]}},{"type":"Feature","properties":{"name":"Kolding","country":"DK","population":61638},"geometry":{"type":"Point","coordinates":[9.4722,55.4904]}},{"type":"Feature","properties":{"name":"Kolín","country":"CZ","population":33444},"geometry":{"type":"Point","coordinates":[15.1998,50.0281]}},{"type":"Feature","properties":{"name":"Köln","country":"DE","population":1024621},"geometry":{"type":"Point","coordinates":[6.95,50.9333]}},{"type":"Feature","properties":{"name":"Kolomyia","country":"UA","population":60821},"geometry":{"type":"Point","coordinates":[25.0371,48.525]}},{"type":"Feature","properties":{"name":"Konin","country":"PL","population":81258},"geometry":{"type":"Point","coordinates":[18.2512,52.2234]}},{"type":"Feature","properties":{"name":"Konstanz","country":"DE","population":81275},"geometry":{"type":"Point","coordinates":[9.1758,47.6603]}},{"type":"Feature","properties":{"name":"Konya","country":"TR","population":1433861},"geometry":{"type":"Point","coordinates":[32.4846,37.8713]}},{"type":"Feature","properties":{"name":"Korçë","country":"AL","population":58259},"geometry":{"type":"Point","coordinates":[20.7808,40.6186]}},{"type":"Feature","properties":{"name":"Kórinthos","country":"GR","population":30176},"geometry":{"type":"Point","coordinates":[22.9513,37.9401]}},{"type":"Feature","properties":{"name":"Korosten","country":"UA","population":61496},"geometry":{"type":"Point","coordinates":[28.6386,50.9512]}},{"type":"Feature","properties":{"name":"Kościerzyna","country":"PL","population":23327},"geometry":{"type":"Point","coordinates":[17.9812,54.1223]}},{"type":"Feature","properties":{"name":"Košice","country":"SK","population":225044},"geometry":{"type":"Point","coordinates":[21.258,48.7144]}},{"type":"Feature","properties":{"name":"Koszalin","country":"PL","population":107450},"geometry":{"type":"Point","coordinates":[16.1722,54.1944]}},{"type":"Feature","properties":{"name":"Kotka","country":"FI","population":50157},"geometry":{"type":"Point","coordinates":[26.9458,60.4664]}},{"type":"Feature","properties":{"name":"Kouvola","country":"FI","population":78094},"geometry":{"type":"Point","coordinates":[26.7,60.8667]}},{"type":"Feature","properties":{"name":"Kovel","country":"UA","population":67575},"geometry":{"type":"Point","coordinates":[24.7008,51.2155]}},{"type":"Feature","properties":{"name":"Kozáni","country":"GR","population":36481},"geometry":{"type":"Point","coordinates":[21.7898,40.2993]}},{"type":"Feature","properties":{"name":"Kragujevac","country":"RS","population":147473},"geometry":{"type":"Point","coordinates":[20.9167,44.0167]}},{"type":"Feature","properties":{"name":"Kraków","country":"PL","population":816614},"geometry":{"type":"Point","coordinates":[19.9366,50.0614]}},{"type":"Feature","properties":{"name":"Kristiansand","country":"NO","population":117237},"geometry":{"type":"Point","coordinates":[7.9956,58.1467]}},{"type":"Feature","properties":{"name":"Kristianstad","country":"SE","population":39762},"geometry":{"type":"Point","coordinates":[14.1524,56.0313]}},{"type":"Feature","properties":{"name":"Kristiansund","country":"NO","population":24013},"geometry":{"type":"Point","coordinates":[7.7279,63.1105]}},{"type":"Feature","properties":{"name":"Kropyvnytskyi","country":"UA","population":219676},"geometry":{"type":"Point","coordinates":[32.2662,48.5083]}},{"type":"Feature","properties":{"name":"Krotoszyn","country":"PL","population":29231},"geometry":{"type":"Point","coordinates":[17.4374,51.6987]}},{"type":"Feature","properties":{"name":"Kruševac","country":"RS","population":75256},"geometry":{"type":"Point","coordinates":[21.3339,43.58]}},{"type":"Feature","properties":{"name":"Kuopio","country":"FI","population":125462},"geometry":{"type":"Point","coordinates":[27.677,62.8924]}},{"type":"Feature","properties":{"name":"Kuşadası","country":"TR","population":63177},"geometry":{"type":"Point","coordinates":[27.2571,37.8601]}},{"type":"Feature","properties":{"name":"Kütahya","country":"TR","population":185008},"geometry":{"type":"Point","coordinates":[29.9833,39.4242]}},{"type":"Feature","properties":{"name":"Kyiv","country":"UA","population":2952301},"geometry":{"type":"Point","coordinates":[30.5238,50.4547]}},{"type":"Feature","properties":{"name":"La Roche-sur-Yon","country":"FR","population":59410},"geometry":{"type":"Point","coordinates":[-1.4276,46.6697]}},{"type":"Feature","properties":{"name":"La Rochelle","country":"FR","population":76810},"geometry":{"type":"Point","coordinates":[-1.1522,46.1631]}},{"type":"Feature","properties":{"name":"La Spezia","country":"IT","population":93288},"geometry":{"type":"Point","coordinates":[9.8238,44.103]}},{"type":"Feature","properties":{"name":"La Teste-de-Buch","country":"FR","population":27253},"geometry":{"type":"Point","coordinates":[-1.1451,44.6328]}},{"type":"Feature","properties":{"name":"Lahti","country":"FI","population":121622},"geometry":{"type":"Point","coordinates":[25.6615,60.9827]}},{"type":"Feature","properties":{"name":"Lamía","country":"GR","population":52006},"geometry":{"type":"Point","coordinates":[22.4335,38.8995]}},{"type":"Feature","properties":{"name":"Landshut","country":"DE","population":71863},"geometry":{"type":"Point","coordinates":[12.1618,48.5296]}},{"type":"Feature","properties":{"name":"Lappeenranta","country":"FI","population":72909},"geometry":{"type":"Point","coordinates":[28.1887,61.0587]}},{"type":"Feature","properties":{"name":"Lárisa","country":"GR","population":146926},"geometry":{"type":"Point","coordinates":[22.4211,39.6285]}},{"type":"Feature","properties":{"name":"Latina","country":"IT","population":76305},"geometry":{"type":"Point","coordinates":[12.9043,41.4661]}},{"type":"Feature","properties":{"name":"Lausanne","country":"CH","population":139111},"geometry":{"type":"Point","coordinates":[6.6328,46.516]}},{"type":"Feature","properties":{"name":"Laval","country":"FR","population":50489},"geometry":{"type":"Point","coordinates":[-0.7702,48.0725]}},{"type":"Feature","properties":{"name":"Le Havre","country":"FR","population":185972},"geometry":{"type":"Point","coordinates":[0.1079,49.4935]}},{"type":"Feature","properties":{"name":"Le Mans","country":"FR","population":144515},"geometry":{"type":"Point","coordinates":[0.2025,48.0021]}},{"type":"Feature","properties":{"name":"Lębork","country":"PL","population":35161},"geometry":{"type":"Point","coordinates":[17.7501,54.5392]}},{"type":"Feature","properties":{"name":"Leeuwarden","country":"NL","population":124481},"geometry":{"type":"Point","coordinates":[5.8097,53.2027]}},{"type":"Feature","properties":{"name":"Legnica","country":"PL","population":106033},"geometry":{"type":"Point","coordinates":[16.1619,51.2101]}},{"type":"Feature","properties":{"name":"Leipzig","country":"DE","population":504971},"geometry":{"type":"Point","coordinates":[12.3713,51.3396]}},{"type":"Feature","properties":{"name":"Leiria","country":"PT","population":128640},"geometry":{"type":"Point","coordinates":[-8.8071,39.7436]}},{"type":"Feature","properties":{"name":"León","country":"ES","population":124772},"geometry":{"type":"Point","coordinates":[-5.5703,42.6]}},{"type":"Feature","properties":{"name":"Liberec","country":"CZ","population":102951},"geometry":{"type":"Point","coordinates":[15.0562,50.7671]}},{"type":"Feature","properties":{"name":"Lida","country":"BY","population":103262},"geometry":{"type":"Point","coordinates":[25.2997,53.8833]}},{"type":"Feature","properties":{"name":"Liepāja","country":"LV","population":67421},"geometry":{"type":"Point","coordinates":[21.0109,56.5047]}},{"type":"Feature","properties":{"name":"Lille","country":"FR","population":238695},"geometry":{"type":"Point","coordinates":[3.0551,50.6339]}},{"type":"Feature","properties":{"name":"Lillehammer","country":"NO","population":29011},"geometry":{"type":"Point","coordinates":[10.4663,61.1151]}},{"type":"Feature","properties":{"name":"Limburg an der Lahn","country":"DE","population":33820},"geometry":{"type":"Point","coordinates":[8.0503,50.3836]}},{"type":"Feature","properties":{"name":"Limoges","country":"FR","population":141176},"geometry":{"type":"Point","coordinates":[1.2476,45.8336]}},{"type":"Feature","properties":{"name":"Linköping","country":"SE","population":166673},"geometry":{"type":"Point","coordinates":[15.6216,58.4109]}},{"type":"Feature","properties":{"name":"Linz","country":"AT","population":204846},"geometry":{"type":"Point","coordinates":[14.2861,48.3064]}},{"type":"Feature","properties":{"name":"Liptovský Mikuláš","country":"SK","population":30162},"geometry":{"type":"Point","coordinates":[19.6222,49.0806]}},{"type":"Feature","properties":{"name":"Lisbon","country":"PT","population":517802},"geometry":{"type":"Point","coordinates":[-9.1498,38.7251]}},{"type":"Feature","properties":{"name":"Livorno","country":"IT","population":157017},"geometry":{"type":"Point","coordinates":[10.3262,43.5443]}},{"type":"Feature","properties":{"name":"Ljubljana","country":"SI","population":272220},"geometry":{"type":"Point","coordinates":[14.5051,46.0511]}},{"type":"Feature","properties":{"name":"Lleida","country":"ES","population":140797},"geometry":{"type":"Point","coordinates":[0.6222,41.6167]}},{"type":"Feature","properties":{"name":"Łódź","country":"PL","population":639890},"geometry":{"type":"Point","coordinates":[19.4739,51.7706]}},{"type":"Feature","properties":{"name":"Logroño","country":"ES","population":151164},"geometry":{"type":"Point","coordinates":[-2.4512,42.4661]}},{"type":"Feature","properties":{"name":"Lohja","country":"FI","population":45686},"geometry":{"type":"Point","coordinates":[24.0653,60.2486]}},{"type":"Feature","properties":{"name":"Łomża","country":"PL","population":62019},"geometry":{"type":"Point","coordinates":[22.0593,53.1781]}},{"type":"Feature","properties":{"name":"Lorca","country":"ES","population":93079},"geometry":{"type":"Point","coordinates":[-1.7017,37.6712]}},{"type":"Feature","properties":{"name":"Lorient","country":"FR","population":58112},"geometry":{"type":"Point","coordinates":[-3.3718,47.7482]}},{"type":"Feature","properties":{"name":"Lübeck","country":"DE","population":212207},"geometry":{"type":"Point","coordinates":[10.6873,53.8689]}},{"type":"Feature","properties":{"name":"Lublin","country":"PL","population":336339},"geometry":{"type":"Point","coordinates":[22.5701,51.2506]}},{"type":"Feature","properties":{"name":"Lubny","country":"UA","population":44595},"geometry":{"type":"Point","coordinates":[32.9997,50.0141]}},{"type":"Feature","properties":{"name":"Lucena","country":"ES","population":42248},"geometry":{"type":"Point","coordinates":[-4.4852,37.4088]}},{"type":"Feature","properties":{"name":"Lugo","country":"ES","population":98025},"geometry":{"type":"Point","coordinates":[-7.556,43.0099]}},{"type":"Feature","properties":{"name":"Luleå","country":"SE","population":77832},"geometry":{"type":"Point","coordinates":[22.1547,65.5841]}},{"type":"Feature","properties":{"name":"Lüleburgaz","country":"TR","population":90899},"geometry":{"type":"Point","coordinates":[27.3575,41.4017]}},{"type":"Feature","properties":{"name":"Luninyets","country":"BY","population":23396},"geometry":{"type":"Point","coordinates":[26.8006,52.2486]}},{"type":"Feature","properties":{"name":"Lutsk","country":"UA","population":215986},"geometry":{"type":"Point","coordinates":[25.3502,50.7578]}},{"type":"Feature","properties":{"name":"Lviv","country":"UA","population":717273},"geometry":{"type":"Point","coordinates":[24.0232,49.8383]}},{"type":"Feature","properties":{"name":"Lyon","country":"FR","population":520774},"geometry":{"type":"Point","coordinates":[4.8479,45.7491]}},{"type":"Feature","properties":{"name":"Madrid","country":"ES","population":3255944},"geometry":{"type":"Point","coordinates":[-3.7026,40.4165]}},{"type":"Feature","properties":{"name":"Magdeburg","country":"DE","population":244329},"geometry":{"type":"Point","coordinates":[11.6319,52.1313]}},{"type":"Feature","properties":{"name":"Mahilyow","country":"BY","population":352896},"geometry":{"type":"Point","coordinates":[30.3404,53.9088]}},{"type":"Feature","properties":{"name":"Maladziečna","country":"BY","population":87339},"geometry":{"type":"Point","coordinates":[26.854,54.3167]}},{"type":"Feature","properties":{"name":"Málaga","country":"ES","population":592346},"geometry":{"type":"Point","coordinates":[-4.4203,36.7202]}},{"type":"Feature","properties":{"name":"Malyn","country":"UA","population":25172},"geometry":{"type":"Point","coordinates":[29.2422,50.7676]}},{"type":"Feature","properties":{"name":"Manavgat","country":"TR","population":99254},"geometry":{"type":"Point","coordinates":[31.4409,36.7867]}},{"type":"Feature","properties":{"name":"Mannheim","country":"DE","population":307960},"geometry":{"type":"Point","coordinates":[8.4669,49.4891]}},{"type":"Feature","properties":{"name":"Manresa","country":"ES","population":76250},"geometry":{"type":"Point","coordinates":[1.824,41.7281]}},{"type":"Feature","properties":{"name":"Maranello","country":"IT","population":17500},"geometry":{"type":"Point","coordinates":[10.8669,44.5262]}},{"type":"Feature","properties":{"name":"Marbella","country":"ES","population":156295},"geometry":{"type":"Point","coordinates":[-4.8858,36.5154]}},{"type":"Feature","properties":{"name":"Maribor","country":"SI","population":96209},"geometry":{"type":"Point","coordinates":[15.6459,46.5558]}},{"type":"Feature","properties":{"name":"Marijampolė","country":"LT","population":34975},"geometry":{"type":"Point","coordinates":[23.35,54.5579]}},{"type":"Feature","properties":{"name":"Marseille","country":"FR","population":877215},"geometry":{"type":"Point","coordinates":[5.3811,43.297]}},{"type":"Feature","properties":{"name":"Matera","country":"IT","population":60403},"geometry":{"type":"Point","coordinates":[16.6046,40.666]}},{"type":"Feature","properties":{"name":"Mazeikiai","country":"LT","population":32470},"geometry":{"type":"Point","coordinates":[22.3333,56.3167]}},{"type":"Feature","properties":{"name":"Mazyr","country":"BY","population":104517},"geometry":{"type":"Point","coordinates":[29.2163,52.0416]}},{"type":"Feature","properties":{"name":"Melilla","country":"ES","population":85985},"geometry":{"type":"Point","coordinates":[-2.9383,35.2937]}},{"type":"Feature","properties":{"name":"Mérida","country":"ES","population":59857},"geometry":{"type":"Point","coordinates":[-6.3429,38.918]}},{"type":"Feature","properties":{"name":"Metz","country":"FR","population":123914},"geometry":{"type":"Point","coordinates":[6.1727,49.1191]}},{"type":"Feature","properties":{"name":"Middelburg","country":"NL","population":46485},"geometry":{"type":"Point","coordinates":[3.6139,51.5]}},{"type":"Feature","properties":{"name":"Mikkeli","country":"FI","population":51661},"geometry":{"type":"Point","coordinates":[27.2723,61.6886]}},{"type":"Feature","properties":{"name":"Milan","country":"IT","population":1371498},"geometry":{"type":"Point","coordinates":[9.1895,45.4643]}},{"type":"Feature","properties":{"name":"Milas","country":"TR","population":43193},"geometry":{"type":"Point","coordinates":[27.7839,37.3164]}},{"type":"Feature","properties":{"name":"Minsk","country":"BY","population":1742124},"geometry":{"type":"Point","coordinates":[27.5665,53.9002]}},{"type":"Feature","properties":{"name":"Miskolc","country":"HU","population":154521},"geometry":{"type":"Point","coordinates":[20.7781,48.1033]}},{"type":"Feature","properties":{"name":"Mohyliv-Podilskyy","country":"UA","population":30589},"geometry":{"type":"Point","coordinates":[27.7997,48.4428]}},{"type":"Feature","properties":{"name":"Monaco","country":"MC","population":38000},"geometry":{"type":"Point","coordinates":[7.4214,43.7372]}},{"type":"Feature","properties":{"name":"Mönchengladbach","country":"DE","population":261742},"geometry":{"type":"Point","coordinates":[6.4417,51.1854]}},{"type":"Feature","properties":{"name":"Mont-de-Marsan","country":"FR","population":36205},"geometry":{"type":"Point","coordinates":[-0.4971,43.8902]}},{"type":"Feature","properties":{"name":"Montauban","country":"FR","population":52434},"geometry":{"type":"Point","coordinates":[1.3542,44.0176]}},{"type":"Feature","properties":{"name":"Montluçon","country":"FR","population":44960},"geometry":{"type":"Point","coordinates":[2.6025,46.3402]}},{"type":"Feature","properties":{"name":"Montpellier","country":"FR","population":248252},"geometry":{"type":"Point","coordinates":[3.8763,43.6109]}},{"type":"Feature","properties":{"name":"Morón de la Frontera","country":"ES","population":27844},"geometry":{"type":"Point","coordinates":[-5.454,37.1208]}},{"type":"Feature","properties":{"name":"Mostar","country":"BA","population":104518},"geometry":{"type":"Point","coordinates":[17.8081,43.3433]}},{"type":"Feature","properties":{"name":"Motril","country":"ES","population":60592},"geometry":{"type":"Point","coordinates":[-3.5179,36.7507]}},{"type":"Feature","properties":{"name":"Muğla","country":"TR","population":92328},"geometry":{"type":"Point","coordinates":[28.3665,37.2181]}},{"type":"Feature","properties":{"name":"Munich","country":"DE","population":1505005},"geometry":{"type":"Point","coordinates":[11.5755,48.1374]}},{"type":"Feature","properties":{"name":"Münster","country":"DE","population":308258},"geometry":{"type":"Point","coordinates":[7.6257,51.9624]}},{"type":"Feature","properties":{"name":"Murcia","country":"ES","population":471982},"geometry":{"type":"Point","coordinates":[-1.13,37.987]}},{"type":"Feature","properties":{"name":"Mustafakemalpaşa","country":"TR","population":101412},"geometry":{"type":"Point","coordinates":[28.4087,40.0382]}},{"type":"Feature","properties":{"name":"Mykolayiv","country":"UA","population":470011},"geometry":{"type":"Point","coordinates":[31.993,46.9763]}},{"type":"Feature","properties":{"name":"Nancy","country":"FR","population":105058},"geometry":{"type":"Point","coordinates":[6.185,48.6844]}},{"type":"Feature","properties":{"name":"Nantes","country":"FR","population":325070},"geometry":{"type":"Point","coordinates":[-1.5534,47.2172]}},{"type":"Feature","properties":{"name":"Naples","country":"IT","population":909048},"geometry":{"type":"Point","coordinates":[14.2681,40.8522]}},{"type":"Feature","properties":{"name":"Nardò","country":"IT","population":29668},"geometry":{"type":"Point","coordinates":[18.0317,40.1795]}},{"type":"Feature","properties":{"name":"Narva","country":"EE","population":54409},"geometry":{"type":"Point","coordinates":[28.1903,59.3772]}},{"type":"Feature","properties":{"name":"Neckarsulm","country":"DE","population":26431},"geometry":{"type":"Point","coordinates":[9.2253,49.1891]}},{"type":"Feature","properties":{"name":"Neubrandenburg","country":"DE","population":68082},"geometry":{"type":"Point","coordinates":[13.261,53.5573]}},{"type":"Feature","properties":{"name":"Neuruppin","country":"DE","population":31901},"geometry":{"type":"Point","coordinates":[12.8031,52.9282]}},{"type":"Feature","properties":{"name":"Nevers","country":"FR","population":43988},"geometry":{"type":"Point","coordinates":[3.159,46.9896]}},{"type":"Feature","properties":{"name":"Nienburg","country":"DE","population":32629},"geometry":{"type":"Point","coordinates":[9.2166,52.6444]}},{"type":"Feature","properties":{"name":"Nijmegen","country":"NL","population":177359},"geometry":{"type":"Point","coordinates":[5.8528,51.8425]}},{"type":"Feature","properties":{"name":"Nikšić","country":"ME","population":58212},"geometry":{"type":"Point","coordinates":[18.9445,42.7731]}},{"type":"Feature","properties":{"name":"Nîmes","country":"FR","population":148236},"geometry":{"type":"Point","coordinates":[4.3579,43.8366]}},{"type":"Feature","properties":{"name":"Niort","country":"FR","population":54660},"geometry":{"type":"Point","coordinates":[-0.4588,46.3231]}},{"type":"Feature","properties":{"name":"Niš","country":"RS","population":250000},"geometry":{"type":"Point","coordinates":[21.9033,43.3247]}},{"type":"Feature","properties":{"name":"Nitra","country":"SK","population":86329},"geometry":{"type":"Point","coordinates":[18.0845,48.3076]}},{"type":"Feature","properties":{"name":"Nizhyn","country":"UA","population":66983},"geometry":{"type":"Point","coordinates":[31.8884,51.0477]}},{"type":"Feature","properties":{"name":"Nordhausen","country":"DE","population":43912},"geometry":{"type":"Point","coordinates":[10.7957,51.5018]}},{"type":"Feature","properties":{"name":"Novi Pazar","country":"RS","population":85996},"geometry":{"type":"Point","coordinates":[20.5122,43.1367]}},{"type":"Feature","properties":{"name":"Novi Sad","country":"RS","population":215400},"geometry":{"type":"Point","coordinates":[19.8369,45.2517]}},{"type":"Feature","properties":{"name":"Novo Mesto","country":"SI","population":24446},"geometry":{"type":"Point","coordinates":[15.1689,45.804]}},{"type":"Feature","properties":{"name":"Novogrudok","country":"BY","population":27624},"geometry":{"type":"Point","coordinates":[25.8191,53.5942]}},{"type":"Feature","properties":{"name":"Novopolotsk","country":"BY","population":95370},"geometry":{"type":"Point","coordinates":[28.5931,55.5262]}},{"type":"Feature","properties":{"name":"Nowy Sącz","country":"PL","population":84376},"geometry":{"type":"Point","coordinates":[20.6971,49.6218]}},{"type":"Feature","properties":{"name":"Nowy Targ","country":"PL","population":33763},"geometry":{"type":"Point","coordinates":[20.0323,49.4778]}},{"type":"Feature","properties":{"name":"Nürburg","country":"DE","population":2000},"geometry":{"type":"Point","coordinates":[6.9511,50.3428]}},{"type":"Feature","properties":{"name":"Nuremberg","country":"DE","population":515543},"geometry":{"type":"Point","coordinates":[11.0775,49.4542]}},{"type":"Feature","properties":{"name":"Nyíregyháza","country":"HU","population":117689},"geometry":{"type":"Point","coordinates":[21.7167,47.9554]}},{"type":"Feature","properties":{"name":"Nyköping","country":"SE","population":38780},"geometry":{"type":"Point","coordinates":[17.0079,58.753]}},{"type":"Feature","properties":{"name":"Nysa","country":"PL","population":47283},"geometry":{"type":"Point","coordinates":[17.3344,50.4738]}},{"type":"Feature","properties":{"name":"Odense","country":"DK","population":180863},"geometry":{"type":"Point","coordinates":[10.3883,55.3959]}},{"type":"Feature","properties":{"name":"Odesa","country":"UA","population":1010537},"geometry":{"type":"Point","coordinates":[30.7438,46.4857]}},{"type":"Feature","properties":{"name":"Odorheiu Secuiesc","country":"RO","population":36532},"geometry":{"type":"Point","coordinates":[25.3,46.3]}},{"type":"Feature","properties":{"name":"Ohrid","country":"MK","population":42033},"geometry":{"type":"Point","coordinates":[20.8017,41.117]}},{"type":"Feature","properties":{"name":"Olomouc","country":"CZ","population":99496},"geometry":{"type":"Point","coordinates":[17.2518,49.5955]}},{"type":"Feature","properties":{"name":"Olsztyn","country":"PL","population":169793},"geometry":{"type":"Point","coordinates":[20.4927,53.7838]}},{"type":"Feature","properties":{"name":"Opole","country":"PL","population":127676},"geometry":{"type":"Point","coordinates":[17.926,50.6712]}},{"type":"Feature","properties":{"name":"Oradea","country":"RO","population":183105},"geometry":{"type":"Point","coordinates":[21.9183,47.0458]}},{"type":"Feature","properties":{"name":"Orange","country":"FR","population":30530},"geometry":{"type":"Point","coordinates":[4.8102,44.1381]}},{"type":"Feature","properties":{"name":"Örebro","country":"SE","population":155989},"geometry":{"type":"Point","coordinates":[15.2066,59.2741]}},{"type":"Feature","properties":{"name":"Orléans","country":"FR","population":116344},"geometry":{"type":"Point","coordinates":[1.9041,47.9025]}},{"type":"Feature","properties":{"name":"Örnsköldsvik","country":"SE","population":32493},"geometry":{"type":"Point","coordinates":[18.7153,63.2909]}},{"type":"Feature","properties":{"name":"Orsha","country":"BY","population":101662},"geometry":{"type":"Point","coordinates":[30.4036,54.5136]}},{"type":"Feature","properties":{"name":"Osijek","country":"HR","population":75535},"geometry":{"type":"Point","coordinates":[18.6942,45.5507]}},{"type":"Feature","properties":{"name":"Oslo","country":"NO","population":1082575},"geometry":{"type":"Point","coordinates":[10.7461,59.9127]}},{"type":"Feature","properties":{"name":"Östersund","country":"SE","population":49806},"geometry":{"type":"Point","coordinates":[14.6357,63.1792]}},{"type":"Feature","properties":{"name":"Ostrava","country":"CZ","population":279791},"geometry":{"type":"Point","coordinates":[18.282,49.8347]}},{"type":"Feature","properties":{"name":"Ostrowiec Świętokrzyski","country":"PL","population":73989},"geometry":{"type":"Point","coordinates":[21.3852,50.9294]}},{"type":"Feature","properties":{"name":"Oulu","country":"FI","population":216066},"geometry":{"type":"Point","coordinates":[25.4682,65.0124]}},{"type":"Feature","properties":{"name":"Ourense","country":"ES","population":105233},"geometry":{"type":"Point","coordinates":[-7.8641,42.3367]}},{"type":"Feature","properties":{"name":"Padua","country":"IT","population":203725},"geometry":{"type":"Point","coordinates":[11.8859,45.408]}},{"type":"Feature","properties":{"name":"Pamplona","country":"ES","population":208243},"geometry":{"type":"Point","coordinates":[-1.6432,42.8169]}},{"type":"Feature","properties":{"name":"Panevėžys","country":"LT","population":85885},"geometry":{"type":"Point","coordinates":[24.3598,55.7319]}},{"type":"Feature","properties":{"name":"Paris","country":"FR","population":2138551},"geometry":{"type":"Point","coordinates":[2.3488,48.8534]}},{"type":"Feature","properties":{"name":"Parma","country":"IT","population":198292},"geometry":{"type":"Point","coordinates":[10.3262,44.7993]}},{"type":"Feature","properties":{"name":"Pärnu","country":"EE","population":40228},"geometry":{"type":"Point","coordinates":[24.4971,58.3859]}},{"type":"Feature","properties":{"name":"Paşcani","country":"RO","population":45000},"geometry":{"type":"Point","coordinates":[26.7229,47.2469]}},{"type":"Feature","properties":{"name":"Passau","country":"DE","population":50560},"geometry":{"type":"Point","coordinates":[13.4312,48.5665]}},{"type":"Feature","properties":{"name":"Pátra","country":"GR","population":168034},"geometry":{"type":"Point","coordinates":[21.7351,38.2462]}},{"type":"Feature","properties":{"name":"Pau","country":"FR","population":82697},"geometry":{"type":"Point","coordinates":[-0.3558,43.3112]}},{"type":"Feature","properties":{"name":"Pécs","country":"HU","population":145347},"geometry":{"type":"Point","coordinates":[18.2281,46.0762]}},{"type":"Feature","properties":{"name":"Pereiaslav","country":"UA","population":26273},"geometry":{"type":"Point","coordinates":[31.4497,50.0674]}},{"type":"Feature","properties":{"name":"Périgueux","country":"FR","population":34770},"geometry":{"type":"Point","coordinates":[0.7144,45.1869]}},{"type":"Feature","properties":{"name":"Perpignan","country":"FR","population":110706},"geometry":{"type":"Point","coordinates":[2.8954,42.6976]}},{"type":"Feature","properties":{"name":"Perugia","country":"IT","population":120137},"geometry":{"type":"Point","coordinates":[12.3888,43.1122]}},{"type":"Feature","properties":{"name":"Pervomaysk","country":"UA","population":62426},"geometry":{"type":"Point","coordinates":[30.8478,48.0448]}},{"type":"Feature","properties":{"name":"Pescara","country":"IT","population":119554},"geometry":{"type":"Point","coordinates":[14.2028,42.4584]}},{"type":"Feature","properties":{"name":"Petrich","country":"BG","population":30722},"geometry":{"type":"Point","coordinates":[23.207,41.3985]}},{"type":"Feature","properties":{"name":"Petrila","country":"RO","population":25234},"geometry":{"type":"Point","coordinates":[23.4167,45.45]}},{"type":"Feature","properties":{"name":"Piacenza","country":"IT","population":103607},"geometry":{"type":"Point","coordinates":[9.6934,45.0524]}},{"type":"Feature","properties":{"name":"Piatra Neamţ","country":"RO","population":102688},"geometry":{"type":"Point","coordinates":[26.3333,46.9167]}},{"type":"Feature","properties":{"name":"Piła","country":"PL","population":75532},"geometry":{"type":"Point","coordinates":[16.7378,53.1514]}},{"type":"Feature","properties":{"name":"Pilsen","country":"CZ","population":168733},"geometry":{"type":"Point","coordinates":[13.3776,49.7475]}},{"type":"Feature","properties":{"name":"Pinsk","country":"BY","population":123283},"geometry":{"type":"Point","coordinates":[26.0673,52.1215]}},{"type":"Feature","properties":{"name":"Piombino","country":"IT","population":34041},"geometry":{"type":"Point","coordinates":[10.5259,42.9255]}},{"type":"Feature","properties":{"name":"Pirot","country":"RS","population":40678},"geometry":{"type":"Point","coordinates":[22.5861,43.1531]}},{"type":"Feature","properties":{"name":"Piteşti","country":"RO","population":141275},"geometry":{"type":"Point","coordinates":[24.8667,44.85]}},{"type":"Feature","properties":{"name":"Plasencia","country":"ES","population":40141},"geometry":{"type":"Point","coordinates":[-6.0884,40.0312]}},{"type":"Feature","properties":{"name":"Pleven","country":"BG","population":90209},"geometry":{"type":"Point","coordinates":[24.6167,43.4179]}},{"type":"Feature","properties":{"name":"Płock","country":"PL","population":127474},"geometry":{"type":"Point","coordinates":[19.7064,52.5468]}},{"type":"Feature","properties":{"name":"Ploieşti","country":"RO","population":180540},"geometry":{"type":"Point","coordinates":[26.0167,44.95]}},{"type":"Feature","properties":{"name":"Plovdiv","country":"BG","population":329489},"geometry":{"type":"Point","coordinates":[24.75,42.1539]}},{"type":"Feature","properties":{"name":"Podgorica","country":"ME","population":236852},"geometry":{"type":"Point","coordinates":[19.2631,42.4412]}},{"type":"Feature","properties":{"name":"Poitiers","country":"FR","population":85960},"geometry":{"type":"Point","coordinates":[0.3435,46.5826]}},{"type":"Feature","properties":{"name":"Polatlı","country":"TR","population":93262},"geometry":{"type":"Point","coordinates":[32.1413,39.5772]}},{"type":"Feature","properties":{"name":"Ponferrada","country":"ES","population":68736},"geometry":{"type":"Point","coordinates":[-6.5962,42.5466]}},{"type":"Feature","properties":{"name":"Poprad","country":"SK","population":49091},"geometry":{"type":"Point","coordinates":[20.298,49.0614]}},{"type":"Feature","properties":{"name":"Pordenone","country":"IT","population":49878},"geometry":{"type":"Point","coordinates":[12.6605,45.9569]}},{"type":"Feature","properties":{"name":"Pori","country":"FI","population":83157},"geometry":{"type":"Point","coordinates":[21.7852,61.4807]}},{"type":"Feature","properties":{"name":"Portimão","country":"PT","population":38487},"geometry":{"type":"Point","coordinates":[-8.5378,37.1386]}},{"type":"Feature","properties":{"name":"Porto","country":"PT","population":252687},"geometry":{"type":"Point","coordinates":[-8.611,41.1485]}},{"type":"Feature","properties":{"name":"Porvoo","country":"FI","population":51853},"geometry":{"type":"Point","coordinates":[25.6651,60.3923]}},{"type":"Feature","properties":{"name":"Potenza","country":"IT","population":56433},"geometry":{"type":"Point","coordinates":[15.8079,40.6418]}},{"type":"Feature","properties":{"name":"Požarevac","country":"RS","population":41736},"geometry":{"type":"Point","coordinates":[21.1878,44.6213]}},{"type":"Feature","properties":{"name":"Poznań","country":"PL","population":536151},"geometry":{"type":"Point","coordinates":[16.9299,52.4069]}},{"type":"Feature","properties":{"name":"Prague","country":"CZ","population":1165581},"geometry":{"type":"Point","coordinates":[14.4208,50.088]}},{"type":"Feature","properties":{"name":"Příbram","country":"CZ","population":32773},"geometry":{"type":"Point","coordinates":[14.0104,49.6899]}},{"type":"Feature","properties":{"name":"Prilep","country":"MK","population":73814},"geometry":{"type":"Point","coordinates":[21.5537,41.3456]}},{"type":"Feature","properties":{"name":"Pristina","country":"XK","population":550000},"geometry":{"type":"Point","coordinates":[21.1669,42.6727]}},{"type":"Feature","properties":{"name":"Prizren","country":"XK","population":171464},"geometry":{"type":"Point","coordinates":[20.7397,42.2139]}},{"type":"Feature","properties":{"name":"Pryluky","country":"UA","population":52553},"geometry":{"type":"Point","coordinates":[32.3838,50.5953]}},{"type":"Feature","properties":{"name":"Przemyśl","country":"PL","population":67013},"geometry":{"type":"Point","coordinates":[22.7673,49.785]}},{"type":"Feature","properties":{"name":"Pula","country":"HR","population":52220},"geometry":{"type":"Point","coordinates":[13.8481,44.8683]}},{"type":"Feature","properties":{"name":"Puławy","country":"PL","population":49759},"geometry":{"type":"Point","coordinates":[21.9694,51.4166]}},{"type":"Feature","properties":{"name":"Quimper","country":"FR","population":63849},"geometry":{"type":"Point","coordinates":[-4.0979,47.996]}},{"type":"Feature","properties":{"name":"Raahe","country":"FI","population":23566},"geometry":{"type":"Point","coordinates":[24.4833,64.6833]}},{"type":"Feature","properties":{"name":"Rădăuți","country":"RO","population":23822},"geometry":{"type":"Point","coordinates":[25.9167,47.85]}},{"type":"Feature","properties":{"name":"Radom","country":"PL","population":226794},"geometry":{"type":"Point","coordinates":[21.1471,51.4025]}},{"type":"Feature","properties":{"name":"Râmnicu Vâlcea","country":"RO","population":93151},"geometry":{"type":"Point","coordinates":[24.3667,45.1]}},{"type":"Feature","properties":{"name":"Raseborg","country":"FI","population":26982},"geometry":{"type":"Point","coordinates":[23.4397,59.9774]}},{"type":"Feature","properties":{"name":"Regensburg","country":"DE","population":151389},"geometry":{"type":"Point","coordinates":[12.1016,49.0151]}},{"type":"Feature","properties":{"name":"Reims","country":"FR","population":196565},"geometry":{"type":"Point","coordinates":[4.0285,49.2653]}},{"type":"Feature","properties":{"name":"Rennes","country":"FR","population":227830},"geometry":{"type":"Point","coordinates":[-1.6743,48.1111]}},{"type":"Feature","properties":{"name":"Reşiţa","country":"RO","population":81228},"geometry":{"type":"Point","coordinates":[21.8892,45.3008]}},{"type":"Feature","properties":{"name":"Rēzekne","country":"LV","population":26429},"geometry":{"type":"Point","coordinates":[27.34,56.5103]}},{"type":"Feature","properties":{"name":"Rîbniţa","country":"MD","population":55455},"geometry":{"type":"Point","coordinates":[29.01,47.7682]}},{"type":"Feature","properties":{"name":"Riga","country":"LV","population":742572},"geometry":{"type":"Point","coordinates":[24.1059,56.946]}},{"type":"Feature","properties":{"name":"Rijeka","country":"HR","population":107964},"geometry":{"type":"Point","coordinates":[14.4424,45.3267]}},{"type":"Feature","properties":{"name":"Rivne","country":"UA","population":243873},"geometry":{"type":"Point","coordinates":[26.237,50.6204]}},{"type":"Feature","properties":{"name":"Roanne","country":"FR","population":39840},"geometry":{"type":"Point","coordinates":[4.068,46.0362]}},{"type":"Feature","properties":{"name":"Rodez","country":"FR","population":28337},"geometry":{"type":"Point","coordinates":[2.5734,44.3526]}},{"type":"Feature","properties":{"name":"Rome","country":"IT","population":2318895},"geometry":{"type":"Point","coordinates":[12.5113,41.8919]}},{"type":"Feature","properties":{"name":"Rosenheim","country":"DE","population":60167},"geometry":{"type":"Point","coordinates":[12.1225,47.8564]}},{"type":"Feature","properties":{"name":"Rossano Stazione","country":"IT","population":23824},"geometry":{"type":"Point","coordinates":[16.6349,39.5986]}},{"type":"Feature","properties":{"name":"Rostock","country":"DE","population":198293},"geometry":{"type":"Point","coordinates":[12.1405,54.0887]}},{"type":"Feature","properties":{"name":"Rotterdam","country":"NL","population":868135},"geometry":{"type":"Point","coordinates":[4.4792,51.9225]}},{"type":"Feature","properties":{"name":"Rouen","country":"FR","population":116331},"geometry":{"type":"Point","coordinates":[1.0993,49.4431]}},{"type":"Feature","properties":{"name":"Rovaniemi","country":"FI","population":65670},"geometry":{"type":"Point","coordinates":[25.6887,66.499]}},{"type":"Feature","properties":{"name":"Ruse","country":"BG","population":121168},"geometry":{"type":"Point","coordinates":[25.9534,43.8487]}},{"type":"Feature","properties":{"name":"Rzeszów","country":"PL","population":198317},"geometry":{"type":"Point","coordinates":[21.999,50.0413]}},{"type":"Feature","properties":{"name":"Saarbrücken","country":"DE","population":182971},"geometry":{"type":"Point","coordinates":[7.0098,49.2326]}},{"type":"Feature","properties":{"name":"Šabac","country":"RS","population":55114},"geometry":{"type":"Point","coordinates":[19.69,44.7467]}},{"type":"Feature","properties":{"name":"Saint-Brieuc","country":"FR","population":52774},"geometry":{"type":"Point","coordinates":[-2.7684,48.5151]}},{"type":"Feature","properties":{"name":"Saint-Dizier","country":"FR","population":31918},"geometry":{"type":"Point","coordinates":[4.9489,48.6377]}},{"type":"Feature","properties":{"name":"Saint-Étienne","country":"FR","population":176280},"geometry":{"type":"Point","coordinates":[4.39,45.4339]}},{"type":"Feature","properties":{"name":"Saint-Malo","country":"FR","population":50676},"geometry":{"type":"Point","coordinates":[-2.0088,48.6474]}},{"type":"Feature","properties":{"name":"Saint-Nazaire","country":"FR","population":67054},"geometry":{"type":"Point","coordinates":[-2.2179,47.2751]}},{"type":"Feature","properties":{"name":"Saint-Quentin","country":"FR","population":55407},"geometry":{"type":"Point","coordinates":[3.2876,49.8489]}},{"type":"Feature","properties":{"name":"Saintes","country":"FR","population":29512},"geometry":{"type":"Point","coordinates":[-0.6349,45.7474]}},{"type":"Feature","properties":{"name":"Salamanca","country":"ES","population":144825},"geometry":{"type":"Point","coordinates":[-5.6639,40.9688]}},{"type":"Feature","properties":{"name":"Salerno","country":"IT","population":125797},"geometry":{"type":"Point","coordinates":[14.7933,40.6754]}},{"type":"Feature","properties":{"name":"Salgótarján","country":"HU","population":34627},"geometry":{"type":"Point","coordinates":[19.803,48.0987]}},{"type":"Feature","properties":{"name":"Salihli","country":"TR","population":119311},"geometry":{"type":"Point","coordinates":[28.1477,38.4826]}},{"type":"Feature","properties":{"name":"Salo","country":"FI","population":50794},"geometry":{"type":"Point","coordinates":[23.1333,60.3833]}},{"type":"Feature","properties":{"name":"Salzburg","country":"AT","population":157245},"geometry":{"type":"Point","coordinates":[13.044,47.7994]}},{"type":"Feature","properties":{"name":"San Marino","country":"SM","population":4500},"geometry":{"type":"Point","coordinates":[12.4464,43.9367]}},{"type":"Feature","properties":{"name":"Sanok","country":"PL","population":39684},"geometry":{"type":"Point","coordinates":[22.2056,49.5557]}},{"type":"Feature","properties":{"name":"Santander","country":"ES","population":173635},"geometry":{"type":"Point","coordinates":[-3.8049,43.4659]}},{"type":"Feature","properties":{"name":"Santarém","country":"PT","population":29385},"geometry":{"type":"Point","coordinates":[-8.6862,39.2338]}},{"type":"Feature","properties":{"name":"Santiago de Compostela","country":"ES","population":99536},"geometry":{"type":"Point","coordinates":[-8.5457,42.8805]}},{"type":"Feature","properties":{"name":"Sarajevo","country":"BA","population":696731},"geometry":{"type":"Point","coordinates":[18.3564,43.8486]}},{"type":"Feature","properties":{"name":"Sarny","country":"UA","population":28865},"geometry":{"type":"Point","coordinates":[26.6069,51.339]}},{"type":"Feature","properties":{"name":"Sastamala","country":"FI","population":24495},"geometry":{"type":"Point","coordinates":[22.9093,61.3494]}},{"type":"Feature","properties":{"name":"Satu Mare","country":"RO","population":112490},"geometry":{"type":"Point","coordinates":[22.8625,47.7993]}},{"type":"Feature","properties":{"name":"Savonlinna","country":"FI","population":31283},"geometry":{"type":"Point","coordinates":[28.88,61.8699]}},{"type":"Feature","properties":{"name":"Schwerin","country":"DE","population":96641},"geometry":{"type":"Point","coordinates":[11.4132,53.6294]}},{"type":"Feature","properties":{"name":"Segovia","country":"ES","population":51683},"geometry":{"type":"Point","coordinates":[-4.1184,40.9481]}},{"type":"Feature","properties":{"name":"Seinäjoki","country":"FI","population":66848},"geometry":{"type":"Point","coordinates":[22.8282,62.7945]}},{"type":"Feature","properties":{"name":"Sens","country":"FR","population":28700},"geometry":{"type":"Point","coordinates":[3.2833,48.1974]}},{"type":"Feature","properties":{"name":"Sérres","country":"GR","population":58287},"geometry":{"type":"Point","coordinates":[23.5476,41.085]}},{"type":"Feature","properties":{"name":"Sevilla","country":"ES","population":686741},"geometry":{"type":"Point","coordinates":[-5.9732,37.3828]}},{"type":"Feature","properties":{"name":"Seydişehir","country":"TR","population":51089},"geometry":{"type":"Point","coordinates":[31.8453,37.4193]}},{"type":"Feature","properties":{"name":"Shepetivka","country":"UA","population":40802},"geometry":{"type":"Point","coordinates":[27.0652,50.1812]}},{"type":"Feature","properties":{"name":"Sheptytskyi","country":"UA","population":64297},"geometry":{"type":"Point","coordinates":[24.2394,50.394]}},{"type":"Feature","properties":{"name":"Shkodër","country":"AL","population":95553},"geometry":{"type":"Point","coordinates":[19.5126,42.0683]}},{"type":"Feature","properties":{"name":"Shtip","country":"MK","population":48279},"geometry":{"type":"Point","coordinates":[22.1958,41.7458]}},{"type":"Feature","properties":{"name":"Shumen","country":"BG","population":72342},"geometry":{"type":"Point","coordinates":[26.9229,43.2706]}},{"type":"Feature","properties":{"name":"Šiauliai","country":"LT","population":99462},"geometry":{"type":"Point","coordinates":[23.3167,55.9333]}},{"type":"Feature","properties":{"name":"Šibenik","country":"HR","population":31115},"geometry":{"type":"Point","coordinates":[15.8942,43.7343]}},{"type":"Feature","properties":{"name":"Sibiu","country":"RO","population":134309},"geometry":{"type":"Point","coordinates":[24.15,45.8]}},{"type":"Feature","properties":{"name":"Siedlce","country":"PL","population":77185},"geometry":{"type":"Point","coordinates":[22.2901,52.1677]}},{"type":"Feature","properties":{"name":"Siegen","country":"DE","population":107242},"geometry":{"type":"Point","coordinates":[8.0243,50.8748]}},{"type":"Feature","properties":{"name":"Siena","country":"IT","population":53901},"geometry":{"type":"Point","coordinates":[11.3306,43.3182]}},{"type":"Feature","properties":{"name":"Sieradz","country":"PL","population":44436},"geometry":{"type":"Point","coordinates":[18.7302,51.5958]}},{"type":"Feature","properties":{"name":"Silistra","country":"BG","population":29498},"geometry":{"type":"Point","coordinates":[27.2606,44.1171]}},{"type":"Feature","properties":{"name":"Simav","country":"TR","population":34909},"geometry":{"type":"Point","coordinates":[28.9777,39.0882]}},{"type":"Feature","properties":{"name":"Sisak","country":"HR","population":27859},"geometry":{"type":"Point","coordinates":[16.3775,45.4661]}},{"type":"Feature","properties":{"name":"Sitten","country":"CH","population":34708},"geometry":{"type":"Point","coordinates":[7.3556,46.2274]}},{"type":"Feature","properties":{"name":"Skellefteå","country":"SE","population":35516},"geometry":{"type":"Point","coordinates":[20.9528,64.7507]}},{"type":"Feature","properties":{"name":"Skien","country":"NO","population":50595},"geometry":{"type":"Point","coordinates":[9.609,59.2096]}},{"type":"Feature","properties":{"name":"Skierniewice","country":"PL","population":49042},"geometry":{"type":"Point","coordinates":[20.1584,51.9549]}},{"type":"Feature","properties":{"name":"Skopje","country":"MK","population":474889},"geometry":{"type":"Point","coordinates":[21.4314,41.9965]}},{"type":"Feature","properties":{"name":"Skövde","country":"SE","population":36842},"geometry":{"type":"Point","coordinates":[13.8451,58.3912]}},{"type":"Feature","properties":{"name":"Slatina","country":"RO","population":63487},"geometry":{"type":"Point","coordinates":[24.3667,44.4333]}},{"type":"Feature","properties":{"name":"Slavonski Brod","country":"HR","population":45005},"geometry":{"type":"Point","coordinates":[18.0163,45.1616]}},{"type":"Feature","properties":{"name":"Sliven","country":"BG","population":83740},"geometry":{"type":"Point","coordinates":[26.3256,42.6861]}},{"type":"Feature","properties":{"name":"Slobozia","country":"RO","population":41550},"geometry":{"type":"Point","coordinates":[27.3633,44.5647]}},{"type":"Feature","properties":{"name":"Slonim","country":"BY","population":48402},"geometry":{"type":"Point","coordinates":[25.3171,53.0875]}},{"type":"Feature","properties":{"name":"Słupsk","country":"PL","population":98608},"geometry":{"type":"Point","coordinates":[17.0287,54.4641]}},{"type":"Feature","properties":{"name":"Smolyan","country":"BG","population":30689},"geometry":{"type":"Point","coordinates":[24.712,41.5744]}},{"type":"Feature","properties":{"name":"Sofia","country":"BG","population":1152556},"geometry":{"type":"Point","coordinates":[23.3241,42.6975]}},{"type":"Feature","properties":{"name":"Soligorsk","country":"BY","population":96418},"geometry":{"type":"Point","coordinates":[27.5358,52.7898]}},{"type":"Feature","properties":{"name":"Soma","country":"TR","population":98714},"geometry":{"type":"Point","coordinates":[27.6094,39.1855]}},{"type":"Feature","properties":{"name":"Sopron","country":"HU","population":62246},"geometry":{"type":"Point","coordinates":[16.5905,47.685]}},{"type":"Feature","properties":{"name":"Soria","country":"ES","population":39112},"geometry":{"type":"Point","coordinates":[-2.4688,41.764]}},{"type":"Feature","properties":{"name":"Soroca","country":"MD","population":27423},"geometry":{"type":"Point","coordinates":[28.2849,48.1566]}},{"type":"Feature","properties":{"name":"Spa","country":"BE","population":10500},"geometry":{"type":"Point","coordinates":[5.8644,50.4908]}},{"type":"Feature","properties":{"name":"Split","country":"HR","population":149830},"geometry":{"type":"Point","coordinates":[16.4392,43.5089]}},{"type":"Feature","properties":{"name":"St. Moritz","country":"CH","population":5200},"geometry":{"type":"Point","coordinates":[9.8355,46.4908]}},{"type":"Feature","properties":{"name":"Stalowa Wola","country":"PL","population":66495},"geometry":{"type":"Point","coordinates":[22.0533,50.5829]}},{"type":"Feature","properties":{"name":"Stara Zagora","country":"BG","population":121582},"geometry":{"type":"Point","coordinates":[25.6426,42.432]}},{"type":"Feature","properties":{"name":"Stavanger","country":"NO","population":151669},"geometry":{"type":"Point","coordinates":[5.7333,58.9701]}},{"type":"Feature","properties":{"name":"Stendal","country":"DE","population":37722},"geometry":{"type":"Point","coordinates":[11.8609,52.6058]}},{"type":"Feature","properties":{"name":"Stockholm","country":"SE","population":1515017},"geometry":{"type":"Point","coordinates":[18.0687,59.3294]}},{"type":"Feature","properties":{"name":"Stralsund","country":"DE","population":58976},"geometry":{"type":"Point","coordinates":[13.0818,54.3091]}},{"type":"Feature","properties":{"name":"Strasbourg","country":"FR","population":274845},"geometry":{"type":"Point","coordinates":[7.7455,48.5839]}},{"type":"Feature","properties":{"name":"Strumica","country":"MK","population":33825},"geometry":{"type":"Point","coordinates":[22.6429,41.4376]}},{"type":"Feature","properties":{"name":"Stuttgart","country":"DE","population":612663},"geometry":{"type":"Point","coordinates":[9.177,48.7823]}},{"type":"Feature","properties":{"name":"Suhl","country":"DE","population":43509},"geometry":{"type":"Point","coordinates":[10.694,50.6091]}},{"type":"Feature","properties":{"name":"Šumperk","country":"CZ","population":28768},"geometry":{"type":"Point","coordinates":[16.9706,49.9653]}},{"type":"Feature","properties":{"name":"Sundsvall","country":"SE","population":57606},"geometry":{"type":"Point","coordinates":[17.3063,62.3913]}},{"type":"Feature","properties":{"name":"Suwałki","country":"PL","population":69222},"geometry":{"type":"Point","coordinates":[22.9309,54.1118]}},{"type":"Feature","properties":{"name":"Świnoujście","country":"PL","population":40919},"geometry":{"type":"Point","coordinates":[14.2471,53.9105]}},{"type":"Feature","properties":{"name":"Szczecin","country":"PL","population":395513},"geometry":{"type":"Point","coordinates":[14.553,53.4289]}},{"type":"Feature","properties":{"name":"Szczecinek","country":"PL","population":38496},"geometry":{"type":"Point","coordinates":[16.6994,53.7079]}},{"type":"Feature","properties":{"name":"Szeged","country":"HU","population":160766},"geometry":{"type":"Point","coordinates":[20.1482,46.253]}},{"type":"Feature","properties":{"name":"Székesfehérvár","country":"HU","population":101600},"geometry":{"type":"Point","coordinates":[18.4103,47.19]}},{"type":"Feature","properties":{"name":"Szentes","country":"HU","population":27898},"geometry":{"type":"Point","coordinates":[20.2608,46.6583]}},{"type":"Feature","properties":{"name":"Szolnok","country":"HU","population":71285},"geometry":{"type":"Point","coordinates":[20.1984,47.1807]}},{"type":"Feature","properties":{"name":"Szombathely","country":"HU","population":78025},"geometry":{"type":"Point","coordinates":[16.6215,47.2309]}},{"type":"Feature","properties":{"name":"Tábor","country":"CZ","population":36264},"geometry":{"type":"Point","coordinates":[14.6578,49.4144]}},{"type":"Feature","properties":{"name":"Talavera de la Reina","country":"ES","population":88856},"geometry":{"type":"Point","coordinates":[-4.8308,39.9635]}},{"type":"Feature","properties":{"name":"Tallinn","country":"EE","population":394024},"geometry":{"type":"Point","coordinates":[24.7535,59.437]}},{"type":"Feature","properties":{"name":"Tampere","country":"FI","population":260646},"geometry":{"type":"Point","coordinates":[23.7871,61.4991]}},{"type":"Feature","properties":{"name":"Taranto","country":"IT","population":198585},"geometry":{"type":"Point","coordinates":[17.2471,40.4644]}},{"type":"Feature","properties":{"name":"Târgu Jiu","country":"RO","population":73545},"geometry":{"type":"Point","coordinates":[23.2833,45.05]}},{"type":"Feature","properties":{"name":"Târgu Mureş","country":"RO","population":212752},"geometry":{"type":"Point","coordinates":[24.5575,46.5425]}},{"type":"Feature","properties":{"name":"Tarnów","country":"PL","population":117799},"geometry":{"type":"Point","coordinates":[20.987,50.0138]}},{"type":"Feature","properties":{"name":"Tarragona","country":"ES","population":141542},"geometry":{"type":"Point","coordinates":[1.2454,41.1191]}},{"type":"Feature","properties":{"name":"Tartu","country":"EE","population":91407},"geometry":{"type":"Point","coordinates":[26.7251,58.3806]}},{"type":"Feature","properties":{"name":"Teramo","country":"IT","population":54338},"geometry":{"type":"Point","coordinates":[13.699,42.6612]}},{"type":"Feature","properties":{"name":"Terni","country":"IT","population":111189},"geometry":{"type":"Point","coordinates":[12.6433,42.5633]}},{"type":"Feature","properties":{"name":"Ternopil","country":"UA","population":225238},"geometry":{"type":"Point","coordinates":[25.5907,49.554]}},{"type":"Feature","properties":{"name":"Teruel","country":"ES","population":36240},"geometry":{"type":"Point","coordinates":[-1.1065,40.3456]}},{"type":"Feature","properties":{"name":"Thessaloníki","country":"GR","population":317778},"geometry":{"type":"Point","coordinates":[22.9349,40.6407]}},{"type":"Feature","properties":{"name":"Timişoara","country":"RO","population":250849},"geometry":{"type":"Point","coordinates":[21.2257,45.7537]}},{"type":"Feature","properties":{"name":"Tirana","country":"AL","population":418495},"geometry":{"type":"Point","coordinates":[19.8187,41.3274]}},{"type":"Feature","properties":{"name":"Tiraspol","country":"MD","population":157000},"geometry":{"type":"Point","coordinates":[29.6284,46.8428]}},{"type":"Feature","properties":{"name":"Toledo","country":"ES","population":86526},"geometry":{"type":"Point","coordinates":[-4.0226,39.8581]}},{"type":"Feature","properties":{"name":"Tomaszów Mazowiecki","country":"PL","population":67197},"geometry":{"type":"Point","coordinates":[20.0085,51.5313]}},{"type":"Feature","properties":{"name":"Tomelloso","country":"ES","population":36091},"geometry":{"type":"Point","coordinates":[-3.0216,39.1576]}},{"type":"Feature","properties":{"name":"Tortosa","country":"ES","population":35143},"geometry":{"type":"Point","coordinates":[0.5216,40.8125]}},{"type":"Feature","properties":{"name":"Toulon","country":"FR","population":168701},"geometry":{"type":"Point","coordinates":[5.9284,43.1244]}},{"type":"Feature","properties":{"name":"Toulouse","country":"FR","population":511684},"geometry":{"type":"Point","coordinates":[1.4437,43.6043]}},{"type":"Feature","properties":{"name":"Tours","country":"FR","population":141621},"geometry":{"type":"Point","coordinates":[0.704,47.3948]}},{"type":"Feature","properties":{"name":"Trebinje","country":"BA","population":33178},"geometry":{"type":"Point","coordinates":[18.3436,42.712]}},{"type":"Feature","properties":{"name":"Trelleborg","country":"SE","population":29316},"geometry":{"type":"Point","coordinates":[13.1569,55.3751]}},{"type":"Feature","properties":{"name":"Trenčín","country":"SK","population":58278},"geometry":{"type":"Point","coordinates":[18.0444,48.8945]}},{"type":"Feature","properties":{"name":"Trento","country":"IT","population":120709},"geometry":{"type":"Point","coordinates":[11.1211,46.0679]}},{"type":"Feature","properties":{"name":"Trier","country":"DE","population":100129},"geometry":{"type":"Point","coordinates":[6.6394,49.7557]}},{"type":"Feature","properties":{"name":"Trieste","country":"IT","population":204338},"geometry":{"type":"Point","coordinates":[13.7768,45.6495]}},{"type":"Feature","properties":{"name":"Tríkala","country":"GR","population":61653},"geometry":{"type":"Point","coordinates":[21.7684,39.5549]}},{"type":"Feature","properties":{"name":"Trípoli","country":"GR","population":26561},"geometry":{"type":"Point","coordinates":[22.3788,37.5096]}},{"type":"Feature","properties":{"name":"Trollhättan","country":"SE","population":48573},"geometry":{"type":"Point","coordinates":[12.2886,58.2837]}},{"type":"Feature","properties":{"name":"Tromsø","country":"NO","population":41915},"geometry":{"type":"Point","coordinates":[18.9551,69.6489]}},{"type":"Feature","properties":{"name":"Trondheim","country":"NO","population":216518},"geometry":{"type":"Point","coordinates":[10.3951,63.4305]}},{"type":"Feature","properties":{"name":"Troyes","country":"FR","population":60785},"geometry":{"type":"Point","coordinates":[4.0852,48.3007]}},{"type":"Feature","properties":{"name":"Tudela","country":"ES","population":34717},"geometry":{"type":"Point","coordinates":[-1.6045,42.0617]}},{"type":"Feature","properties":{"name":"Turin","country":"IT","population":847287},"geometry":{"type":"Point","coordinates":[7.6868,45.0705]}},{"type":"Feature","properties":{"name":"Turku","country":"FI","population":206655},"geometry":{"type":"Point","coordinates":[22.2687,60.4515]}},{"type":"Feature","properties":{"name":"Tuzla","country":"BA","population":142486},"geometry":{"type":"Point","coordinates":[18.6671,44.5384]}},{"type":"Feature","properties":{"name":"Udine","country":"IT","population":100170},"geometry":{"type":"Point","coordinates":[13.2371,46.0693]}},{"type":"Feature","properties":{"name":"Uelzen","country":"DE","population":34996},"geometry":{"type":"Point","coordinates":[10.567,52.9645]}},{"type":"Feature","properties":{"name":"Ulm","country":"DE","population":120451},"geometry":{"type":"Point","coordinates":[9.9916,48.3984]}},{"type":"Feature","properties":{"name":"Uman","country":"UA","population":81525},"geometry":{"type":"Point","coordinates":[30.2194,48.7501]}},{"type":"Feature","properties":{"name":"Umeå","country":"SE","population":130224},"geometry":{"type":"Point","coordinates":[20.2597,63.8284]}},{"type":"Feature","properties":{"name":"Uppsala","country":"SE","population":177074},"geometry":{"type":"Point","coordinates":[17.6389,59.8588]}},{"type":"Feature","properties":{"name":"Uşak","country":"TR","population":369433},"geometry":{"type":"Point","coordinates":[29.4058,38.6735]}},{"type":"Feature","properties":{"name":"Ústí nad Labem","country":"CZ","population":90378},"geometry":{"type":"Point","coordinates":[14.0323,50.6607]}},{"type":"Feature","properties":{"name":"Utena","country":"LT","population":25397},"geometry":{"type":"Point","coordinates":[25.6046,55.4978]}},{"type":"Feature","properties":{"name":"Uzhhorod","country":"UA","population":115449},"geometry":{"type":"Point","coordinates":[22.2947,48.6242]}},{"type":"Feature","properties":{"name":"Uzunköprü","country":"TR","population":36470},"geometry":{"type":"Point","coordinates":[26.686,41.2691]}},{"type":"Feature","properties":{"name":"Vaasa","country":"FI","population":69819},"geometry":{"type":"Point","coordinates":[21.6158,63.096]}},{"type":"Feature","properties":{"name":"Vaduz","country":"LI","population":5400},"geometry":{"type":"Point","coordinates":[9.5215,47.1415]}},{"type":"Feature","properties":{"name":"Valdepeñas","country":"ES","population":31147},"geometry":{"type":"Point","coordinates":[-3.3848,38.7621]}},{"type":"Feature","properties":{"name":"Valence","country":"FR","population":63864},"geometry":{"type":"Point","coordinates":[4.9096,44.9256]}},{"type":"Feature","properties":{"name":"Valencia","country":"ES","population":824340},"geometry":{"type":"Point","coordinates":[-0.3797,39.4739]}},{"type":"Feature","properties":{"name":"Valenciennes","country":"FR","population":44821},"geometry":{"type":"Point","coordinates":[3.5251,50.3591]}},{"type":"Feature","properties":{"name":"Valjevo","country":"RS","population":61035},"geometry":{"type":"Point","coordinates":[19.8982,44.2751]}},{"type":"Feature","properties":{"name":"Valladolid","country":"ES","population":300618},"geometry":{"type":"Point","coordinates":[-4.7235,41.6554]}},{"type":"Feature","properties":{"name":"Vannes","country":"FR","population":54020},"geometry":{"type":"Point","coordinates":[-2.762,47.6569]}},{"type":"Feature","properties":{"name":"Varash","country":"UA","population":42000},"geometry":{"type":"Point","coordinates":[25.8555,51.3404]}},{"type":"Feature","properties":{"name":"Varaždin","country":"HR","population":36187},"geometry":{"type":"Point","coordinates":[16.3378,46.3044]}},{"type":"Feature","properties":{"name":"Varberg","country":"SE","population":34248},"geometry":{"type":"Point","coordinates":[12.2508,57.1056]}},{"type":"Feature","properties":{"name":"Varese","country":"IT","population":80588},"geometry":{"type":"Point","coordinates":[8.8251,45.8206]}},{"type":"Feature","properties":{"name":"Varna","country":"BG","population":318737},"geometry":{"type":"Point","coordinates":[27.9102,43.2191]}},{"type":"Feature","properties":{"name":"Västerås","country":"SE","population":127799},"geometry":{"type":"Point","coordinates":[16.5528,59.6162]}},{"type":"Feature","properties":{"name":"Vasto","country":"IT","population":41409},"geometry":{"type":"Point","coordinates":[14.7065,42.1115]}},{"type":"Feature","properties":{"name":"Vaukavysk","country":"BY","population":41020},"geometry":{"type":"Point","coordinates":[24.4513,53.1561]}},{"type":"Feature","properties":{"name":"Växjö","country":"SE","population":71282},"geometry":{"type":"Point","coordinates":[14.8091,56.8777]}},{"type":"Feature","properties":{"name":"Veliko Tŭrnovo","country":"BG","population":59166},"geometry":{"type":"Point","coordinates":[25.629,43.0812]}},{"type":"Feature","properties":{"name":"Ventspils","country":"LV","population":32723},"geometry":{"type":"Point","coordinates":[21.5612,57.3948]}},{"type":"Feature","properties":{"name":"Vercelli","country":"IT","population":45875},"geometry":{"type":"Point","coordinates":[8.4199,45.3216]}},{"type":"Feature","properties":{"name":"Verona","country":"IT","population":258031},"geometry":{"type":"Point","coordinates":[10.9938,45.4385]}},{"type":"Feature","properties":{"name":"Vichy","country":"FR","population":27019},"geometry":{"type":"Point","coordinates":[3.4258,46.1271]}},{"type":"Feature","properties":{"name":"Vidin","country":"BG","population":34797},"geometry":{"type":"Point","coordinates":[22.8824,43.9916]}},{"type":"Feature","properties":{"name":"Vienna","country":"AT","population":1691468},"geometry":{"type":"Point","coordinates":[16.3721,48.2085]}},{"type":"Feature","properties":{"name":"Vigo","country":"ES","population":293642},"geometry":{"type":"Point","coordinates":[-8.7226,42.2328]}},{"type":"Feature","properties":{"name":"Villanueva de la Serena","country":"ES","population":25759},"geometry":{"type":"Point","coordinates":[-5.7974,38.9766]}},{"type":"Feature","properties":{"name":"Villena","country":"ES","population":35222},"geometry":{"type":"Point","coordinates":[-0.8657,38.6373]}},{"type":"Feature","properties":{"name":"Villingen-Schwenningen","country":"DE","population":81770},"geometry":{"type":"Point","coordinates":[8.4936,48.0623]}},{"type":"Feature","properties":{"name":"Vilnius","country":"LT","population":542366},"geometry":{"type":"Point","coordinates":[25.2798,54.6892]}},{"type":"Feature","properties":{"name":"Vinnytsya","country":"UA","population":430091},"geometry":{"type":"Point","coordinates":[28.4687,49.2322]}},{"type":"Feature","properties":{"name":"Viseu","country":"PT","population":103502},"geometry":{"type":"Point","coordinates":[-7.909,40.6617]}},{"type":"Feature","properties":{"name":"Vitebsk","country":"BY","population":358927},"geometry":{"type":"Point","coordinates":[30.2049,55.1904]}},{"type":"Feature","properties":{"name":"Vlorë","country":"AL","population":115261},"geometry":{"type":"Point","coordinates":[19.4838,40.4696]}},{"type":"Feature","properties":{"name":"Volodymyr-Volynskyi","country":"UA","population":37910},"geometry":{"type":"Point","coordinates":[24.3212,50.8503]}},{"type":"Feature","properties":{"name":"Volos","country":"GR","population":86048},"geometry":{"type":"Point","coordinates":[22.9477,39.3692]}},{"type":"Feature","properties":{"name":"Voznesensk","country":"UA","population":33442},"geometry":{"type":"Point","coordinates":[31.336,47.5622]}},{"type":"Feature","properties":{"name":"Vranje","country":"RS","population":56199},"geometry":{"type":"Point","coordinates":[21.9003,42.5514]}},{"type":"Feature","properties":{"name":"Vratsa","country":"BG","population":49569},"geometry":{"type":"Point","coordinates":[23.5631,43.2105]}},{"type":"Feature","properties":{"name":"Vršac","country":"RS","population":36300},"geometry":{"type":"Point","coordinates":[21.3036,45.1167]}},{"type":"Feature","properties":{"name":"Wałbrzych","country":"PL","population":127431},"geometry":{"type":"Point","coordinates":[16.2843,50.7714]}},{"type":"Feature","properties":{"name":"Warsaw","country":"PL","population":1702139},"geometry":{"type":"Point","coordinates":[21.0118,52.2298]}},{"type":"Feature","properties":{"name":"Warstein","country":"DE","population":28532},"geometry":{"type":"Point","coordinates":[8.3485,51.4449]}},{"type":"Feature","properties":{"name":"Weilheim","country":"DE","population":23378},"geometry":{"type":"Point","coordinates":[11.1548,47.8415]}},{"type":"Feature","properties":{"name":"Wolfsberg","country":"AT","population":25035},"geometry":{"type":"Point","coordinates":[14.8442,46.8406]}},{"type":"Feature","properties":{"name":"Wrocław","country":"PL","population":672545},"geometry":{"type":"Point","coordinates":[17.0301,51.1029]}},{"type":"Feature","properties":{"name":"Würzburg","country":"DE","population":133731},"geometry":{"type":"Point","coordinates":[9.9512,49.7939]}},{"type":"Feature","properties":{"name":"Wyszków","country":"PL","population":26500},"geometry":{"type":"Point","coordinates":[21.4584,52.5928]}},{"type":"Feature","properties":{"name":"Xánthi","country":"GR","population":48221},"geometry":{"type":"Point","coordinates":[24.888,41.1349]}},{"type":"Feature","properties":{"name":"Zadar","country":"HR","population":67309},"geometry":{"type":"Point","coordinates":[15.2251,44.1158]}},{"type":"Feature","properties":{"name":"Zagreb","country":"HR","population":663592},"geometry":{"type":"Point","coordinates":[15.978,45.8144]}},{"type":"Feature","properties":{"name":"Zaječar","country":"RS","population":49800},"geometry":{"type":"Point","coordinates":[22.2641,43.9036]}},{"type":"Feature","properties":{"name":"Zalaegerszeg","country":"HU","population":61898},"geometry":{"type":"Point","coordinates":[16.844,46.837]}},{"type":"Feature","properties":{"name":"Zalău","country":"RO","population":52359},"geometry":{"type":"Point","coordinates":[23.05,47.2]}},{"type":"Feature","properties":{"name":"Zamora","country":"ES","population":61827},"geometry":{"type":"Point","coordinates":[-5.7446,41.5063]}},{"type":"Feature","properties":{"name":"Zamość","country":"PL","population":66034},"geometry":{"type":"Point","coordinates":[23.252,50.7231]}},{"type":"Feature","properties":{"name":"Zaragoza","country":"ES","population":686986},"geometry":{"type":"Point","coordinates":[-0.8773,41.6561]}},{"type":"Feature","properties":{"name":"Zenica","country":"BA","population":164423},"geometry":{"type":"Point","coordinates":[17.904,44.2017]}},{"type":"Feature","properties":{"name":"Zhlobin","country":"BY","population":76304},"geometry":{"type":"Point","coordinates":[30.024,52.8926]}},{"type":"Feature","properties":{"name":"Zhytomyr","country":"UA","population":261624},"geometry":{"type":"Point","coordinates":[28.6791,50.2623]}},{"type":"Feature","properties":{"name":"Zielona Góra","country":"PL","population":118433},"geometry":{"type":"Point","coordinates":[15.5064,51.9355]}},{"type":"Feature","properties":{"name":"Žilina","country":"SK","population":81219},"geometry":{"type":"Point","coordinates":[18.7394,49.2231]}},{"type":"Feature","properties":{"name":"Zlín","country":"CZ","population":72973},"geometry":{"type":"Point","coordinates":[17.6706,49.2264]}},{"type":"Feature","properties":{"name":"Znojmo","country":"CZ","population":35280},"geometry":{"type":"Point","coordinates":[16.0488,48.8555]}},{"type":"Feature","properties":{"name":"Zonguldak","country":"TR","population":101749},"geometry":{"type":"Point","coordinates":[31.7931,41.4514]}},{"type":"Feature","properties":{"name":"Zrenjanin","country":"RS","population":79773},"geometry":{"type":"Point","coordinates":[20.3819,45.3836]}},{"type":"Feature","properties":{"name":"Zürich","country":"CH","population":415367},"geometry":{"type":"Point","coordinates":[8.55,47.3667]}},{"type":"Feature","properties":{"name":"Zvyahel","country":"UA","population":55925},"geometry":{"type":"Point","coordinates":[27.6088,50.5914]}},{"type":"Feature","properties":{"name":"Zwolle","country":"NL","population":129840},"geometry":{"type":"Point","coordinates":[6.0944,52.5125]}}]}